year,team,year_team,Championship,probability,prediction
2011,Duke,2011Duke,0,0.9915598982364358,1
2011,Kansas,2011Kansas,0,0.8801312916161601,1
2011,Ohio St,2011Ohio St,0,0.8235567227004821,1
2011,Pittsburgh,2011Pittsburgh,0,0.023088003612992288,0
2011,Florida,2011Florida,0,0.01164664928963372,0
2011,North Carolina,2011North Carolina,0,0.016882560304585396,0
2011,Notre Dame,2011Notre Dame,0,0.011472396907854534,0
2011,San Diego St,2011San Diego St,0,0.6777531940644771,1
2011,BYU,2011BYU,0,0.45610836012942363,0
2011,Connecticut,2011Connecticut,1,0.9571525818918518,1
2011,Purdue,2011Purdue,0,0.03385633976091392,0
2011,Syracuse,2011Syracuse,0,0.0015734975444590387,0
2011,Kentucky,2011Kentucky,0,0.009331029556005847,0
2011,Louisville,2011Louisville,0,0.0033783478017654486,0
2011,Texas,2011Texas,0,0.0005720490512277623,0
2011,Wisconsin,2011Wisconsin,0,0.7341375356472386,1
2011,Arizona,2011Arizona,0,0.8733644388155518,1
2011,Kansas St,2011Kansas St,0,0.005625243276318878,0
2011,Vanderbilt,2011Vanderbilt,0,0.00033716764414734243,0
2011,West Virginia,2011West Virginia,0,0.0012049556662737189,0
2011,Cincinnati,2011Cincinnati,0,0.005400891357152982,0
2011,Georgetown,2011Georgetown,0,0.23930295641415827,0
2011,St Johns,2011St Johns,0,8.439731742364654e-05,0
2011,Xavier,2011Xavier,0,0.00020523038060144363,0
2011,Temple,2011Temple,0,0.00020750127686823197,0
2011,Texas A&M,2011Texas A&M,0,0.001242158342448774,0
2011,UCLA,2011UCLA,0,0.0013118416041798455,0
2011,Washington,2011Washington,0,0.00028614339968669237,0
2011,Butler,2011Butler,0,0.00020036760216996075,0
2011,George Mason,2011George Mason,0,3.960684713190738e-05,0
2011,Michigan,2011Michigan,0,3.051428483094126e-07,0
2011,UNLV,2011UNLV,0,0.0001827911337289137,0
2011,Illinois,2011Illinois,0,0.0006222321426280136,0
2011,Old Dominion,2011Old Dominion,0,8.643604522793946e-05,0
2011,Tennessee,2011Tennessee,0,7.219272851036654e-06,0
2011,Villanova,2011Villanova,0,0.00016177132217214642,0
2011,Florida St,2011Florida St,0,3.971081058577004e-05,0
2011,Georgia,2011Georgia,0,0.00011709636380270623,0
2011,Michigan St,2011Michigan St,0,0.00033923295684505736,0
2011,Penn St,2011Penn St,0,1.0953649207664817e-05,0
2011,Gonzaga,2011Gonzaga,0,0.0018412434123761489,0
2011,Marquette,2011Marquette,0,1.1016895729917443e-06,0
2011,Missouri,2011Missouri,0,0.010397348484823836,0
2011,VCU,2011VCU,0,0.00010382219402375158,0
2011,Clemson,2011Clemson,0,7.259490519937502e-06,0
2011,Memphis,2011Memphis,0,0.0009763583766245458,0
2011,Richmond,2011Richmond,0,5.4070437140562113e-05,0
2011,Utah St,2011Utah St,0,0.0017251096572202934,0
2011,Belmont,2011Belmont,0,0.056283990852598886,0
2011,Morehead St,2011Morehead St,0,1.8624652497501123e-06,0
2011,Oakland,2011Oakland,0,0.000595277111319382,0
2011,Princeton,2011Princeton,0,0.0021977081826877374,0
2011,Bucknell,2011Bucknell,0,2.533221516383626e-05,0
2011,Indiana St,2011Indiana St,0,7.635617789443211e-07,0
2011,St Peters,2011St Peters,0,5.371680522336166e-08,0
2011,Wofford,2011Wofford,0,2.5507241850577905e-07,0
2011,Akron,2011Akron,0,2.681563545984487e-07,0
2011,Long Island Brooklyn,2011Long Island Brooklyn,0,2.427621962296267e-07,0
2011,Northern Colorado,2011Northern Colorado,0,7.016766331381107e-07,0
2011,Santa Barbara,2011Santa Barbara,0,6.403492745964667e-07,0
2011,Boston University,2011Boston University,0,6.662493766586766e-09,0
2011,Hampton,2011Hampton,0,5.316351399723677e-11,0
2011,Texas San Antonio,2011Texas San Antonio,0,9.183327242619401e-10,0
2011,UNC Asheville,2011UNC Asheville,0,7.124719683672383e-08,0
2012,Kentucky,2012Kentucky,1,0.9846152263339405,1
2012,Michigan St,2012Michigan St,0,0.06323833885655702,0
2012,North Carolina,2012North Carolina,0,0.009238228790712398,0
2012,Syracuse,2012Syracuse,0,0.6496742361710419,1
2012,Duke,2012Duke,0,0.07549289804064434,0
2012,Kansas,2012Kansas,0,0.1588408456156774,0
2012,Missouri,2012Missouri,0,0.24609487998782809,0
2012,Ohio St,2012Ohio St,0,0.011607250017615487,0
2012,Baylor,2012Baylor,0,0.9862646671540386,1
2012,Florida St,2012Florida St,0,0.105671332942482,0
2012,Georgetown,2012Georgetown,0,0.0044215270874043205,0
2012,Marquette,2012Marquette,0,0.05996853479116059,0
2012,Indiana,2012Indiana,0,0.15804857075537343,0
2012,Louisville,2012Louisville,0,0.051227490918614386,0
2012,Michigan,2012Michigan,0,0.0016969750903117783,0
2012,Wisconsin,2012Wisconsin,0,0.009071361115082093,0
2012,New Mexico,2012New Mexico,0,0.00025720670203434695,0
2012,Temple,2012Temple,0,0.07137647787765705,0
2012,Vanderbilt,2012Vanderbilt,0,0.00030042910731516647,0
2012,Wichita St,2012Wichita St,0,0.04031410071843792,0
2012,Cincinnati,2012Cincinnati,0,0.00011291512931648516,0
2012,Murray St,2012Murray St,0,0.028322448477452,0
2012,San Diego St,2012San Diego St,0,6.209857218654452e-06,0
2012,UNLV,2012UNLV,0,4.5747268874450544e-05,0
2012,Florida,2012Florida,0,0.00046474862112071017,0
2012,Gonzaga,2012Gonzaga,0,4.555993488926132e-05,0
2012,Notre Dame,2012Notre Dame,0,1.1274034370311265e-05,0
2012,St Marys,2012St Marys,0,0.0010676230828288397,0
2012,Creighton,2012Creighton,0,0.0068627899362546044,0
2012,Iowa St,2012Iowa St,0,2.468745500541126e-05,0
2012,Kansas St,2012Kansas St,0,0.00013847642118723023,0
2012,Memphis,2012Memphis,0,0.00031259506063924903,0
2012,Alabama,2012Alabama,0,9.568383517704917e-05,0
2012,Connecticut,2012Connecticut,0,1.0029154816938321e-06,0
2012,Southern Mississippi,2012Southern Mississippi,0,0.00022135042037151647,0
2012,St Louis,2012St Louis,0,0.00031501793290091836,0
2012,Purdue,2012Purdue,0,7.536617762182091e-08,0
2012,Virginia,2012Virginia,0,4.369215554567223e-06,0
2012,West Virginia,2012West Virginia,0,1.5763819297095094e-05,0
2012,Xavier,2012Xavier,0,1.6843465605700623e-05,0
2012,Colorado,2012Colorado,0,9.2862127054131e-07,0
2012,Colorado St,2012Colorado St,0,5.321382690536088e-05,0
2012,NC State,2012NC State,0,0.0002592311311684274,0
2012,Texas,2012Texas,0,3.0430002156838695e-05,0
2012,Harvard,2012Harvard,0,0.0001210235346593017,0
2012,Long Beach St,2012Long Beach St,0,3.741692822133117e-07,0
2012,South Florida,2012South Florida,0,0.0004327135796850016,0
2012,VCU,2012VCU,0,2.9164742514851623e-05,0
2012,Davidson,2012Davidson,0,0.0002459694407901041,0
2012,Montana,2012Montana,0,3.5216152161066508e-06,0
2012,New Mexico St,2012New Mexico St,0,3.924439537992669e-07,0
2012,Ohio,2012Ohio,0,3.339901115477889e-05,0
2012,BYU,2012BYU,0,2.0774761980160156e-06,0
2012,Belmont,2012Belmont,0,0.00022036179435688073,0
2012,South Dakota St,2012South Dakota St,0,2.9152378840276788e-06,0
2012,St Bonaventure,2012St Bonaventure,0,0.0006994063360650357,0
2012,Detroit,2012Detroit,0,2.915094905348015e-07,0
2012,Lehigh,2012Lehigh,0,3.115153640787312e-06,0
2012,Loyola Maryland,2012Loyola Maryland,0,0.0008860091344528986,0
2012,Norfolk St,2012Norfolk St,0,2.342053377266819e-06,0
2012,Long Island Brooklyn,2012Long Island Brooklyn,0,2.4178700466368737e-05,0
2012,UNC Asheville,2012UNC Asheville,0,1.2767404236024886e-06,0
2012,Vermont,2012Vermont,0,1.7447031876957328e-07,0
2012,Western Kentucky,2012Western Kentucky,0,7.264526021286247e-07,0
2013,Gonzaga,2013Gonzaga,0,0.11867357389359783,0
2013,Indiana,2013Indiana,0,0.9674253994897448,1
2013,Kansas,2013Kansas,0,0.3146610308622601,0
2013,Louisville,2013Louisville,1,0.9952874495145627,1
2013,Duke,2013Duke,0,0.8154673409262276,1
2013,Georgetown,2013Georgetown,0,0.0014686672078910567,0
2013,Miami,2013Miami,0,0.0002802071921890904,0
2013,Ohio St,2013Ohio St,0,0.008737211205560784,0
2013,Florida,2013Florida,0,0.006388859523643248,0
2013,Marquette,2013Marquette,0,0.38815630835400966,0
2013,Michigan St,2013Michigan St,0,0.23167727124628815,0
2013,New Mexico,2013New Mexico,0,8.68269230853433e-05,0
2013,Kansas St,2013Kansas St,0,0.39483215110005365,0
2013,Michigan,2013Michigan,0,0.019765039575708993,0
2013,St Louis,2013St Louis,0,3.1560137382533656e-05,0
2013,Syracuse,2013Syracuse,0,0.07583162642910916,0
2013,Oklahoma St,2013Oklahoma St,0,0.0010902641566272028,0
2013,UNLV,2013UNLV,0,0.0002073538393482258,0
2013,VCU,2013VCU,0,0.40543174057287623,0
2013,Wisconsin,2013Wisconsin,0,3.4571106947951873e-06,0
2013,Arizona,2013Arizona,0,0.27548266073858996,0
2013,Butler,2013Butler,0,0.008641065141487589,0
2013,Memphis,2013Memphis,0,0.01069557274117413,0
2013,UCLA,2013UCLA,0,0.030522587806001932,0
2013,Creighton,2013Creighton,0,0.0065147186195201705,0
2013,Illinois,2013Illinois,0,0.0074607523173841235,0
2013,Notre Dame,2013Notre Dame,0,0.004301652452710168,0
2013,San Diego St,2013San Diego St,0,1.6199331081861115e-06,0
2013,Colorado St,2013Colorado St,0,0.0003245630765321713,0
2013,NC State,2013NC State,0,0.00018713987592026946,0
2013,North Carolina,2013North Carolina,0,0.00783845552560397,0
2013,Pittsburgh,2013Pittsburgh,0,0.0007125614782985358,0
2013,Missouri,2013Missouri,0,0.030222864938159625,0
2013,Temple,2013Temple,0,0.0002826042699994678,0
2013,Villanova,2013Villanova,0,4.6823722499364104e-05,0
2013,Wichita St,2013Wichita St,0,0.0029250515250915255,0
2013,Cincinnati,2013Cincinnati,0,4.0609947460356546e-05,0
2013,Colorado,2013Colorado,0,0.0001022926153252776,0
2013,Iowa St,2013Iowa St,0,0.005212604395516205,0
2013,Oklahoma,2013Oklahoma,0,0.0024151685133792034,0
2013,Belmont,2013Belmont,0,0.0009551308331578144,0
2013,Bucknell,2013Bucknell,0,8.202489349037124e-07,0
2013,Minnesota,2013Minnesota,0,0.00654767646392808,0
2013,St Marys,2013St Marys,0,0.02668495966101471,0
2013,Akron,2013Akron,0,0.0001319999005192993,0
2013,California,2013California,0,0.002026960224884778,0
2013,Ole Miss,2013Ole Miss,0,5.946531878246599e-06,0
2013,Oregon,2013Oregon,0,0.19021411037327274,0
2013,La Salle,2013La Salle,0,0.32015042104582414,0
2013,Montana,2013Montana,0,0.00047868335392715547,0
2013,New Mexico St,2013New Mexico St,0,5.611878266282266e-07,0
2013,South Dakota St,2013South Dakota St,0,2.164578807276524e-06,0
2013,Davidson,2013Davidson,0,0.0002088261744740004,0
2013,Harvard,2013Harvard,0,1.226850677564322e-06,0
2013,Northwestern St,2013Northwestern St,0,3.310381259699177e-05,0
2013,Valparaiso,2013Valparaiso,0,0.00041746353463046015,0
2013,Albany,2013Albany,0,3.422027661211696e-07,0
2013,Florida Gulf Coast,2013Florida Gulf Coast,0,3.0205103538291333e-06,0
2013,Iona,2013Iona,0,1.178625066643087e-05,0
2013,Pacific,2013Pacific,0,5.7351635802797025e-08,0
2013,James Madison,2013James Madison,0,7.206888274933195e-09,0
2013,North Carolina A&T,2013North Carolina A&T,0,3.009232610238607e-11,0
2013,Southern,2013Southern,0,3.178371160258752e-11,0
2013,Western Kentucky,2013Western Kentucky,0,1.5540249115849758e-07,0
2014,Arizona,2014Arizona,0,0.1453459190751529,0
2014,Florida,2014Florida,0,0.09477627378050246,0
2014,Virginia,2014Virginia,0,0.0017089360436051075,0
2014,Wichita St,2014Wichita St,0,0.0035828454134584076,0
2014,Kansas,2014Kansas,0,0.005943901130321419,0
2014,Michigan,2014Michigan,0,0.2225482708363353,0
2014,Villanova,2014Villanova,0,0.023083620429923263,0
2014,Wisconsin,2014Wisconsin,0,0.0032084350138278078,0
2014,Creighton,2014Creighton,0,0.00040309207386914574,0
2014,Duke,2014Duke,0,0.04576162397768887,0
2014,Iowa St,2014Iowa St,0,0.00025123937151222886,0
2014,Syracuse,2014Syracuse,0,0.0013924179954662424,0
2014,Louisville,2014Louisville,0,0.0026335183196822044,0
2014,Michigan St,2014Michigan St,0,0.0025537447971369057,0
2014,San Diego St,2014San Diego St,0,0.00024636919517679294,0
2014,UCLA,2014UCLA,0,0.0004251148731250194,0
2014,Cincinnati,2014Cincinnati,0,0.005674378468099526,0
2014,Oklahoma,2014Oklahoma,0,0.00012280023426301695,0
2014,St Louis,2014St Louis,0,0.00012532175654914366,0
2014,VCU,2014VCU,0,0.00018555601098254983,0
2014,Baylor,2014Baylor,0,0.0012256466772785927,0
2014,Massachusetts,2014Massachusetts,0,0.00019387853482399003,0
2014,North Carolina,2014North Carolina,0,2.041899115535796e-06,0
2014,Ohio St,2014Ohio St,0,7.816340342573967e-06,0
2014,Connecticut,2014Connecticut,1,0.04556353661020653,0
2014,New Mexico,2014New Mexico,0,3.334375260786699e-06,0
2014,Oregon,2014Oregon,0,0.0010593329872013878,0
2014,Texas,2014Texas,0,0.000119414340930159,0
2014,Colorado,2014Colorado,0,0.00010046611236799319,0
2014,Gonzaga,2014Gonzaga,0,8.197842739138524e-06,0
2014,Kentucky,2014Kentucky,0,0.0016804329707027607,0
2014,Memphis,2014Memphis,0,0.00029203051427526753,0
2014,George Washington,2014George Washington,0,5.613938432539691e-07,0
2014,Kansas St,2014Kansas St,0,9.984746459676956e-07,0
2014,Oklahoma St,2014Oklahoma St,0,3.582817758741747e-08,0
2014,Pittsburgh,2014Pittsburgh,0,0.00015927461684329058,0
2014,Arizona St,2014Arizona St,0,2.3779534474766264e-08,0
2014,BYU,2014BYU,0,7.6386637768194e-08,0
2014,St Josephs,2014St Josephs,0,8.274119740367581e-08,0
2014,Stanford,2014Stanford,0,1.4031568444030688e-07,0
2014,Dayton,2014Dayton,0,3.5447986159635932e-06,0
2014,Nebraska,2014Nebraska,0,1.647393765744957e-07,0
2014,Providence,2014Providence,0,0.00785271241482864,0
2014,Tennessee,2014Tennessee,0,0.0002338139076583574,0
2014,Harvard,2014Harvard,0,5.25230238170293e-06,0
2014,NC State,2014NC State,0,1.0717947663614312e-06,0
2014,North Dakota St,2014North Dakota St,0,5.892649727613648e-06,0
2014,Stephen F Austin,2014Stephen F Austin,0,4.0337565818942085e-05,0
2014,Delaware,2014Delaware,0,8.987807378468627e-10,0
2014,Manhattan,2014Manhattan,0,4.0135884416898945e-09,0
2014,New Mexico St,2014New Mexico St,0,3.6466014682232386e-08,0
2014,Tulsa,2014Tulsa,0,5.1144767473215e-11,0
2014,Louisiana Lafayette,2014Louisiana Lafayette,0,3.626207146039271e-08,0
2014,Mercer,2014Mercer,0,6.98199661717253e-08,0
2014,North Carolina Central,2014North Carolina Central,0,3.0223122954020194e-08,0
2014,Western Michigan,2014Western Michigan,0,7.933359687289147e-09,0
2014,American,2014American,0,6.401005811280196e-10,0
2014,Eastern Kentucky,2014Eastern Kentucky,0,2.281241232829736e-10,0
2014,Wisconsin Milwaukee,2014Wisconsin Milwaukee,0,7.407177819816226e-09,0
2014,Wofford,2014Wofford,0,7.886283996064422e-12,0
2014,Albany,2014Albany,0,7.651087021513405e-11,0
2014,Cal Poly,2014Cal Poly,0,3.770118154783001e-12,0
2014,Coastal Carolina,2014Coastal Carolina,0,6.658190021403504e-12,0
2014,Weber St,2014Weber St,0,1.947159211847594e-11,0
2015,Duke,2015Duke,1,0.9889039381700879,1
2015,Kentucky,2015Kentucky,0,0.9998866356932533,1
2015,Villanova,2015Villanova,0,0.8021135655339711,1
2015,Wisconsin,2015Wisconsin,0,0.8616462594038596,1
2015,Arizona,2015Arizona,0,0.20318213048387307,0
2015,Gonzaga,2015Gonzaga,0,0.007059563440791444,0
2015,Kansas,2015Kansas,0,0.6013912792564672,1
2015,Virginia,2015Virginia,0,0.29140542576150763,0
2015,Baylor,2015Baylor,0,0.005370289049353516,0
2015,Iowa St,2015Iowa St,0,2.979335466969923e-05,0
2015,Notre Dame,2015Notre Dame,0,0.22237453535972218,0
2015,Oklahoma,2015Oklahoma,0,0.0026446909054767226,0
2015,Georgetown,2015Georgetown,0,0.00024197003076839002,0
2015,Louisville,2015Louisville,0,0.0006627346997348736,0
2015,Maryland,2015Maryland,0,0.0031452871058444323,0
2015,N Carolina,2015N Carolina,0,0.19088782641344695,0
2015,Arkansas,2015Arkansas,0,0.0447688369453392,0
2015,Northern Iowa,2015Northern Iowa,0,8.066997628597917e-06,0
2015,Utah,2015Utah,0,0.0005822799624726372,0
2015,West Virginia,2015West Virginia,0,0.04316345832406948,0
2015,Butler,2015Butler,0,3.468459532506329e-05,0
2015,Providence,2015Providence,0,0.0005199644638583035,0
2015,SMU,2015SMU,0,5.608834772970389e-06,0
2015,Xavier,2015Xavier,0,7.651198782717026e-06,0
2015,Iowa,2015Iowa,0,0.002351591242838859,0
2015,Michigan St,2015Michigan St,0,2.136863405781342e-05,0
2015,VCU,2015VCU,0,8.692926671359153e-06,0
2015,Wichita St,2015Wichita St,0,0.0018400834775745211,0
2015,Cincinnati,2015Cincinnati,0,4.682301298359515e-06,0
2015,NC State,2015NC State,0,6.610427771105526e-06,0
2015,Oregon,2015Oregon,0,0.42234806360564175,0
2015,San Diego St,2015San Diego St,0,2.558004732010609e-06,0
2015,LSU,2015LSU,0,4.2146802083672645e-05,0
2015,Oklahoma St,2015Oklahoma St,0,3.115755384132276e-06,0
2015,Purdue,2015Purdue,0,7.512320417526316e-06,0
2015,St Johns,2015St Johns,0,4.111678557542803e-06,0
2015,Davidson,2015Davidson,0,4.425034920385312e-05,0
2015,Georgia,2015Georgia,0,2.603244032570613e-06,0
2015,Indiana,2015Indiana,0,2.5587473055356803e-05,0
2015,Ohio St,2015Ohio St,0,7.261496143279492e-06,0
2015,BYU,2015BYU,0,0.00043351264748378284,0
2015,Boise St,2015Boise St,0,2.0778012007509666e-06,0
2015,Dayton,2015Dayton,0,1.1125635679259971e-08,0
2015,Mississippi,2015Mississippi,0,6.006088233590941e-05,0
2015,Texas,2015Texas,0,6.746045302106227e-05,0
2015,UCLA,2015UCLA,0,1.3825445696135103e-05,0
2015,Buffalo,2015Buffalo,0,4.7581093508158725e-07,0
2015,SF Austin,2015SF Austin,0,0.009244160509262307,0
2015,Wofford,2015Wofford,0,2.6010257294388527e-06,0
2015,Wyoming,2015Wyoming,0,2.1801669587291672e-10,0
2015,Eastern Washington,2015Eastern Washington,0,7.219979723921082e-09,0
2015,Harvard,2015Harvard,0,0.0001323880613015555,0
2015,UC Irvine,2015UC Irvine,0,2.5617788147579818e-08,0
2015,Valparaiso,2015Valparaiso,0,1.138699761950921e-06,0
2015,Albany,2015Albany,0,6.13793007370884e-08,0
2015,Georgia St,2015Georgia St,0,4.4897107939814315e-07,0
2015,Northeastern,2015Northeastern,0,3.848480941729347e-07,0
2015,UAB,2015UAB,0,1.9207153296670796e-05,0
2015,Belmont,2015Belmont,0,2.7984455925603936e-09,0
2015,N Dakota St,2015N Dakota St,0,2.7650001237333134e-09,0
2015,New Mexico St,2015New Mexico St,0,9.894331488047398e-06,0
2015,Texas Southern,2015Texas Southern,0,7.036760877618002e-09,0
2015,Coastal Carolina,2015Coastal Carolina,0,5.520817716479521e-10,0
2015,Hampton,2015Hampton,0,6.971377393407554e-12,0
2015,Lafayette,2015Lafayette,0,2.764383674635276e-07,0
2015,Manhattan,2015Manhattan,0,1.6498483060585433e-08,0
2015,North Florida,2015North Florida,0,5.6174175843969466e-09,0
2015,Robert Morris,2015Robert Morris,0,6.917620889226734e-08,0
2016,Kansas,2016Kansas,0,0.6339058865575001,1
2016,North Carolina,2016North Carolina,0,0.33403921488483723,0
2016,Oregon,2016Oregon,0,0.0022129227714947574,0
2016,Virginia,2016Virginia,0,0.03855449134391406,0
2016,Michigan St,2016Michigan St,0,0.9731577572114755,1
2016,Oklahoma,2016Oklahoma,0,0.732708160390997,1
2016,Villanova,2016Villanova,1,0.14353775632807778,0
2016,Xavier,2016Xavier,0,0.0007529427134471622,0
2016,Miami,2016Miami,0,0.13388631494279996,0
2016,Texas A&M,2016Texas A&M,0,3.082818069347352e-05,0
2016,Utah,2016Utah,0,0.0002649852585163287,0
2016,West Virginia,2016West Virginia,0,0.0021973599287000807,0
2016,California,2016California,0,1.866608366602287e-07,0
2016,Duke,2016Duke,0,0.00018296681794625991,0
2016,Iowa St,2016Iowa St,0,0.0004929441345780661,0
2016,Kentucky,2016Kentucky,0,0.004443931397128532,0
2016,Baylor,2016Baylor,0,0.026262487892143783,0
2016,Indiana,2016Indiana,0,0.4630501221409232,0
2016,Maryland,2016Maryland,0,0.003975970237660985,0
2016,Purdue,2016Purdue,0,0.00017914432364180694,0
2016,Arizona,2016Arizona,0,0.00042504543997919645,0
2016,Notre Dame,2016Notre Dame,0,0.0006623395002431073,0
2016,Seton Hall,2016Seton Hall,0,9.463219728604264e-05,0
2016,Texas,2016Texas,0,2.5280876413656137e-07,0
2016,Dayton,2016Dayton,0,6.265977997403052e-08,0
2016,Iowa,2016Iowa,0,4.229134169176172e-06,0
2016,Oregon St,2016Oregon St,0,1.8709919769367279e-06,0
2016,Wisconsin,2016Wisconsin,0,4.6479669860835025e-07,0
2016,Colorado,2016Colorado,0,0.0019570961981031274,0
2016,St Josephs,2016St Josephs,0,1.55419211934345e-08,0
2016,Texas Tech,2016Texas Tech,0,2.6076944859025126e-06,0
2016,USC,2016USC,0,7.590424660554227e-06,0
2016,Butler,2016Butler,0,2.9753532417705926e-05,0
2016,Cincinnati,2016Cincinnati,0,1.31739743973161e-05,0
2016,Connecticut,2016Connecticut,0,0.0010570506390364402,0
2016,Providence,2016Providence,0,8.381880446573581e-05,0
2016,Pittsburgh,2016Pittsburgh,0,0.002739569417861766,0
2016,Syracuse,2016Syracuse,0,4.442235147825988e-06,0
2016,Temple,2016Temple,0,1.2222184718349758e-05,0
2016,VCU,2016VCU,0,1.9127585385959814e-05,0
2016,Gonzaga,2016Gonzaga,0,0.0001474328558576651,0
2016,Michigan,2016Michigan,0,5.041008510762607e-07,0
2016,Northern Iowa,2016Northern Iowa,0,1.5992623776549502e-10,0
2016,Wichita St,2016Wichita St,0,3.0135169955836813e-08,0
2016,Arkansas Little Rock,2016Arkansas Little Rock,0,1.4066659096817285e-05,0
2016,Chattanooga,2016Chattanooga,0,2.0962986781189604e-05,0
2016,South Dakota St,2016South Dakota St,0,1.6834739629313073e-07,0
2016,Yale,2016Yale,0,3.963274841385854e-06,0
2016,Hawaii,2016Hawaii,0,9.927848744880468e-10,0
2016,Iona,2016Iona,0,6.663649499690708e-08,0
2016,Stony Brook,2016Stony Brook,0,4.3179809478232356e-07,0
2016,UNC Wilmington,2016UNC Wilmington,0,3.6618948445253912e-06,0
2016,Buffalo,2016Buffalo,0,2.766312323362789e-08,0
2016,Fresno St,2016Fresno St,0,9.727151356088073e-08,0
2016,Stephen F Austin,2016Stephen F Austin,0,0.0012538831988482893,0
2016,Wisconsin Green Bay,2016Wisconsin Green Bay,0,6.360935700994613e-09,0
2016,Cal St Bakersfield,2016Cal St Bakersfield,0,4.12165976350304e-09,0
2016,Middle Tennessee St,2016Middle Tennessee St,0,2.0142617065107094e-09,0
2016,UNC Asheville,2016UNC Asheville,0,8.945102760126576e-09,0
2016,Weber St,2016Weber St,0,7.819649344657093e-12,0
2016,Austin Peay,2016Austin Peay,0,1.250173250842723e-11,0
2016,Florida Gulf Coast,2016Florida Gulf Coast,0,7.766559562810551e-11,0
2016,Hampton,2016Hampton,0,4.695816823937476e-10,0
2016,Holy Cross,2016Holy Cross,0,1.6290843506072709e-15,0
2017,Gonzaga,2017Gonzaga,0,0.2702520446387511,0
2017,Kansas,2017Kansas,0,0.08836930432859841,0
2017,North Carolina,2017North Carolina,1,0.01647088103574259,0
2017,Villanova,2017Villanova,0,0.9222097644177406,1
2017,Arizona,2017Arizona,0,0.06720233888823215,0
2017,Duke,2017Duke,0,0.7201920330296275,1
2017,Kentucky,2017Kentucky,0,0.003079687233585743,0
2017,Louisville,2017Louisville,0,0.0013143488096120236,0
2017,Baylor,2017Baylor,0,0.5673977993671735,1
2017,Florida St,2017Florida St,0,6.421183372264352e-05,0
2017,Oregon,2017Oregon,0,0.010932776741991486,0
2017,UCLA,2017UCLA,0,0.01272635502218132,0
2017,Butler,2017Butler,0,0.00010271753600973344,0
2017,Florida,2017Florida,0,0.03394048183487466,0
2017,Purdue,2017Purdue,0,0.11273605597339785,0
2017,West Virginia,2017West Virginia,0,0.0006933384835404827,0
2017,Iowa St,2017Iowa St,0,0.00037816057813971633,0
2017,Minnesota,2017Minnesota,0,1.919104065481826e-05,0
2017,Notre Dame,2017Notre Dame,0,0.10131955999974637,0
2017,Virginia,2017Virginia,0,7.590345025281136e-05,0
2017,Cincinnati,2017Cincinnati,0,8.015952211046317e-05,0
2017,Creighton,2017Creighton,0,1.2140352514841816e-05,0
2017,Maryland,2017Maryland,0,0.00018789022879902613,0
2017,SMU,2017SMU,0,2.0302623563966978e-05,0
2017,Dayton,2017Dayton,0,2.20615271974763e-08,0
2017,Michigan,2017Michigan,0,0.02110853962349172,0
2017,South Carolina,2017South Carolina,0,0.0032106930163461308,0
2017,St Marys,2017St Marys,0,0.3446203264204786,0
2017,Arkansas,2017Arkansas,0,0.03067378676320638,0
2017,Miami,2017Miami,0,0.0007077060931290786,0
2017,Northwestern,2017Northwestern,0,0.0001632056162568086,0
2017,Wisconsin,2017Wisconsin,0,7.349103729523893e-07,0
2017,Michigan St,2017Michigan St,0,1.5901614683594941e-06,0
2017,Seton Hall,2017Seton Hall,0,6.870278380037851e-07,0
2017,Vanderbilt,2017Vanderbilt,0,0.0011534912722607415,0
2017,Virginia Tech,2017Virginia Tech,0,2.3028329058697076e-05,0
2017,Marquette,2017Marquette,0,0.0009492339187090375,0
2017,Oklahoma St,2017Oklahoma St,0,0.6113372472735523,1
2017,VCU,2017VCU,0,1.7539692113364314e-05,0
2017,Wichita St,2017Wichita St,0,7.719329905181038e-05,0
2017,Kansas St,2017Kansas St,0,4.838073299911614e-06,0
2017,Rhode Island,2017Rhode Island,0,9.402656266865077e-07,0
2017,USC,2017USC,0,3.762136098896345e-05,0
2017,Xavier,2017Xavier,0,1.7205024041070257e-06,0
2017,Middle Tennessee St,2017Middle Tennessee St,0,2.1849710613474256e-06,0
2017,Nevada,2017Nevada,0,2.6130004342957434e-07,0
2017,Princeton,2017Princeton,0,1.985231221630054e-07,0
2017,UNC Wilmington,2017UNC Wilmington,0,1.0464814643736361e-06,0
2017,Bucknell,2017Bucknell,0,2.8505290730678942e-08,0
2017,East Tennessee St,2017East Tennessee St,0,3.972116211507931e-08,0
2017,Vermont,2017Vermont,0,9.970749465992825e-07,0
2017,Winthrop,2017Winthrop,0,1.704279455604064e-08,0
2017,Florida Gulf Coast,2017Florida Gulf Coast,0,1.710050859432862e-07,0
2017,Iona,2017Iona,0,1.611535027643939e-06,0
2017,Kent St,2017Kent St,0,3.047341317222261e-08,0
2017,New Mexico St,2017New Mexico St,0,6.616446469786575e-06,0
2017,Jacksonville St,2017Jacksonville St,0,3.098431602406931e-09,0
2017,North Dakota,2017North Dakota,0,1.1143983747297686e-08,0
2017,Northern Kentucky,2017Northern Kentucky,0,1.1854961859718748e-08,0
2017,Troy,2017Troy,0,4.6485176213539517e-10,0
2017,Mount St Marys,2017Mount St Marys,0,1.962801630964723e-09,0
2017,South Dakota St,2017South Dakota St,0,1.0624159794977813e-10,0
2017,Texas Southern,2017Texas Southern,0,8.704978103359062e-08,0
2017,UC Davis,2017UC Davis,0,3.149597161496246e-11,0
2018,Kansas,2018Kansas,0,0.039830399013474044,0
2018,Villanova,2018Villanova,1,0.8495792433817392,1
2018,Virginia,2018Virginia,0,0.2935069642543004,0
2018,Xavier,2018Xavier,0,0.20154119748938226,0
2018,Cincinnati,2018Cincinnati,0,0.004678989161124512,0
2018,Duke,2018Duke,0,0.16436582798859237,0
2018,North Carolina,2018North Carolina,0,0.0246297225394367,0
2018,Purdue,2018Purdue,0,0.003622130235287793,0
2018,Michigan,2018Michigan,0,3.0378665622240532e-05,0
2018,Michigan St,2018Michigan St,0,0.4728370833296345,0
2018,Tennessee,2018Tennessee,0,0.248818285923633,0
2018,Texas Tech,2018Texas Tech,0,0.0003194204967974084,0
2018,Arizona,2018Arizona,0,0.013322022186720638,0
2018,Auburn,2018Auburn,0,0.023439636175531443,0
2018,Gonzaga,2018Gonzaga,0,0.0008584763870979654,0
2018,Wichita St,2018Wichita St,0,4.200659546382298e-05,0
2018,Clemson,2018Clemson,0,0.0007757249707746218,0
2018,Kentucky,2018Kentucky,0,0.0005067320016382302,0
2018,Ohio St,2018Ohio St,0,0.0016801504897005779,0
2018,West Virginia,2018West Virginia,0,0.20513907901129447,0
2018,Florida,2018Florida,0,3.1050438056938884e-06,0
2018,Houston,2018Houston,0,0.0013366962675240227,0
2018,Miami,2018Miami,0,3.1220585513071814e-06,0
2018,TCU,2018TCU,0,1.9939074801657086e-05,0
2018,Arkansas,2018Arkansas,0,4.401326337462671e-06,0
2018,Nevada,2018Nevada,0,6.182801990457696e-06,0
2018,Rhode Island,2018Rhode Island,0,0.002391577150434525,0
2018,Texas A&M,2018Texas A&M,0,9.551768280383021e-05,0
2018,Creighton,2018Creighton,0,1.4603339163164636e-06,0
2018,Missouri,2018Missouri,0,4.1095071898924604e-05,0
2018,Seton Hall,2018Seton Hall,0,5.2717683190908973e-05,0
2018,Virginia Tech,2018Virginia Tech,0,6.293562881720368e-08,0
2018,Alabama,2018Alabama,0,1.7261027777078888e-06,0
2018,Florida St,2018Florida St,0,9.633915394508882e-06,0
2018,Kansas St,2018Kansas St,0,0.00013810530848708678,0
2018,NC State,2018NC State,0,0.0005111088752230496,0
2018,Butler,2018Butler,0,0.0002664915723394142,0
2018,Oklahoma,2018Oklahoma,0,5.728442769338537e-05,0
2018,Providence,2018Providence,0,6.481799933909063e-05,0
2018,Texas,2018Texas,0,3.1913611829053795e-07,0
2018,Loyola Chicago,2018Loyola Chicago,0,5.670529237897444e-05,0
2018,San Diego St,2018San Diego St,0,4.633086854778605e-07,0
2018,St Bonaventure,2018St Bonaventure,0,0.0002311575091562895,0
2018,Syracuse,2018Syracuse,0,0.0002389647190808669,0
2018,Davidson,2018Davidson,0,7.742685672756467e-08,0
2018,Murray St,2018Murray St,0,7.954578541339068e-06,0
2018,New Mexico St,2018New Mexico St,0,1.5291062008763781e-06,0
2018,South Dakota St,2018South Dakota St,0,3.4090592498174296e-06,0
2018,Buffalo,2018Buffalo,0,1.1672837328508443e-05,0
2018,College of Charleston,2018College of Charleston,0,5.9486226902933e-08,0
2018,Marshall,2018Marshall,0,9.05016310395518e-06,0
2018,UNC Greensboro,2018UNC Greensboro,0,7.352310709260765e-07,0
2018,Bucknell,2018Bucknell,0,1.0506859961484167e-08,0
2018,Montana,2018Montana,0,8.947286794145464e-06,0
2018,Stephen F Austin,2018Stephen F Austin,0,9.78695220572815e-07,0
2018,Wright St,2018Wright St,0,2.6273536570307067e-08,0
2018,Cal St Fullerton,2018Cal St Fullerton,0,3.3675357235932173e-07,0
2018,Georgia St,2018Georgia St,0,2.0863294090714693e-10,0
2018,Iona,2018Iona,0,7.469558598483702e-09,0
2018,Lipscomb,2018Lipscomb,0,1.674446231474192e-06,0
2018,Pennsylvania,2018Pennsylvania,0,2.170903288646797e-09,0
2018,Radford,2018Radford,0,2.6007597398243374e-07,0
2018,Texas Southern,2018Texas Southern,0,1.5249280612074553e-12,0
2018,UMBC,2018UMBC,0,9.870650472836497e-11,0
2019,Duke,2019Duke,0,0.9791918608466179,1
2019,Gonzaga,2019Gonzaga,0,0.8761951815135067,1
2019,North Carolina,2019North Carolina,0,0.9414256507397163,1
2019,Virginia,2019Virginia,1,0.4684421055793224,0
2019,Kentucky,2019Kentucky,0,0.6538843912910748,1
2019,Michigan,2019Michigan,0,0.0006487929738339915,0
2019,Michigan St,2019Michigan St,0,0.8590876437576231,1
2019,Tennessee,2019Tennessee,0,0.6659672324801784,1
2019,Houston,2019Houston,0,0.004183431123249867,0
2019,LSU,2019LSU,0,0.9430826989525923,1
2019,Purdue,2019Purdue,0,0.017737595275734777,0
2019,Texas Tech,2019Texas Tech,0,0.061967652494684694,0
2019,Florida St,2019Florida St,0,0.48546990339136403,0
2019,Kansas,2019Kansas,0,0.013834523921591652,0
2019,Kansas St,2019Kansas St,0,3.5943238029430007e-06,0
2019,Virginia Tech,2019Virginia Tech,0,0.00018627176144187305,0
2019,Auburn,2019Auburn,0,0.03149826760046502,0
2019,Marquette,2019Marquette,0,0.001315664678258634,0
2019,Mississippi St,2019Mississippi St,0,0.007913299785157946,0
2019,Wisconsin,2019Wisconsin,0,1.3327254540118132e-08,0
2019,Buffalo,2019Buffalo,0,0.0008655911930404822,0
2019,Iowa St,2019Iowa St,0,1.9215132968124153e-05,0
2019,Maryland,2019Maryland,0,0.0005519977236684069,0
2019,Villanova,2019Villanova,0,3.356651825654303e-05,0
2019,Cincinnati,2019Cincinnati,0,2.9542911831115072e-05,0
2019,Louisville,2019Louisville,0,5.293444258878967e-05,0
2019,Nevada,2019Nevada,0,6.680576680769721e-08,0
2019,Wofford,2019Wofford,0,0.005583029357651235,0
2019,Ole Miss,2019Ole Miss,0,0.008237472905577187,0
2019,Syracuse,2019Syracuse,0,6.207987668796447e-08,0
2019,Utah St,2019Utah St,0,2.5517916603622318e-05,0
2019,VCU,2019VCU,0,4.4744757080529084e-05,0
2019,Baylor,2019Baylor,0,2.2540219223541448e-05,0
2019,Central Florida,2019Central Florida,0,2.416610289202416e-09,0
2019,Oklahoma,2019Oklahoma,0,1.968537575374082e-06,0
2019,Washington,2019Washington,0,0.00043356150422788374,0
2019,Florida,2019Florida,0,1.0329614027115896e-05,0
2019,Iowa,2019Iowa,0,6.241134640272029e-05,0
2019,Minnesota,2019Minnesota,0,4.015537074561738e-05,0
2019,Seton Hall,2019Seton Hall,0,3.482229485593149e-06,0
2019,Arizona St,2019Arizona St,0,1.5518009554959446e-07,0
2019,Belmont,2019Belmont,0,0.0001018473948223957,0
2019,Ohio St,2019Ohio St,0,4.308238287882908e-06,0
2019,St Marys,2019St Marys,0,7.746578253335476e-05,0
2019,Liberty,2019Liberty,0,2.1532220169253932e-05,0
2019,Murray St,2019Murray St,0,0.004169688107368805,0
2019,New Mexico St,2019New Mexico St,0,3.4481056086578154e-07,0
2019,Oregon,2019Oregon,0,7.267403868207716e-07,0
2019,Northeastern,2019Northeastern,0,7.2705492261289e-08,0
2019,St Louis,2019St Louis,0,1.73634787192498e-10,0
2019,UC Irvine,2019UC Irvine,0,0.00014361669968916753,0
2019,Vermont,2019Vermont,0,4.057464505182014e-08,0
2019,Georgia St,2019Georgia St,0,2.8415108060513137e-09,0
2019,Northern Kentucky,2019Northern Kentucky,0,1.2046888355602517e-09,0
2019,Old Dominion,2019Old Dominion,0,1.8334761808577947e-09,0
2019,Yale,2019Yale,0,8.36160354231049e-06,0
2019,Abilene Christian,2019Abilene Christian,0,1.2363739449694388e-06,0
2019,Bradley,2019Bradley,0,1.6344040317811866e-11,0
2019,Colgate,2019Colgate,0,2.1577383575274875e-07,0
2019,Montana,2019Montana,0,8.035354001444703e-09,0
2019,Fairleigh Dickinson,2019Fairleigh Dickinson,0,1.1569483074285953e-08,0
2019,Gardner Webb,2019Gardner Webb,0,1.176928692014322e-10,0
2019,Iona,2019Iona,0,2.8306100722077826e-12,0
2019,North Dakota St,2019North Dakota St,0,2.551283707153625e-10,0
2021,Baylor,2021Baylor,1,0.999905353201801,1
2021,Gonzaga,2021Gonzaga,0,0.9656497578614185,1
2021,Illinois,2021Illinois,0,0.14859231522758104,0
2021,Michigan,2021Michigan,0,0.9725841061710109,1
2021,Alabama,2021Alabama,0,0.8812847200430285,1
2021,Houston,2021Houston,0,0.9835569860926389,1
2021,Iowa,2021Iowa,0,8.256375014625467e-05,0
2021,Ohio St,2021Ohio St,0,0.0010491772896982885,0
2021,Arkansas,2021Arkansas,0,0.4009002452215988,0
2021,Kansas,2021Kansas,0,0.08992939012200143,0
2021,Texas,2021Texas,0,0.014521356069596751,0
2021,West Virginia,2021West Virginia,0,0.00012685087598167456,0
2021,Florida St,2021Florida St,0,0.7195857294859913,1
2021,Oklahoma St,2021Oklahoma St,0,0.18487950668673334,0
2021,Purdue,2021Purdue,0,6.010076513040018e-05,0
2021,Virginia,2021Virginia,0,0.16320887553302338,0
2021,Colorado,2021Colorado,0,0.8753035007321022,1
2021,Creighton,2021Creighton,0,4.527913494088128e-07,0
2021,Tennessee,2021Tennessee,0,0.0009888302620041694,0
2021,Villanova,2021Villanova,0,0.0005470113349753756,0
2021,BYU,2021BYU,0,0.07434894862262463,0
2021,San Diego St,2021San Diego St,0,3.21751235352628e-05,0
2021,Texas Tech,2021Texas Tech,0,1.0370051701400403e-06,0
2021,USC,2021USC,0,0.0005042253927928005,0
2021,Clemson,2021Clemson,0,0.09599498720453008,0
2021,Connecticut,2021Connecticut,0,0.00933737146971925,0
2021,Florida,2021Florida,0,0.14135847638644572,0
2021,Oregon,2021Oregon,0,0.008502837871924056,0
2021,LSU,2021LSU,0,0.002445289950141142,0
2021,Loyola Chicago,2021Loyola Chicago,0,0.0005435378679587997,0
2021,North Carolina,2021North Carolina,0,0.0020949427654055803,0
2021,Oklahoma,2021Oklahoma,0,3.158913057067477e-05,0
2021,Georgia Tech,2021Georgia Tech,0,0.0003343480207243343,0
2021,Missouri,2021Missouri,0,0.001167259194406526,0
2021,St Bonaventure,2021St Bonaventure,0,0.0014823023340396668,0
2021,Wisconsin,2021Wisconsin,0,0.00014001606442335006,0
2021,Maryland,2021Maryland,0,8.756099002238367e-09,0
2021,Rutgers,2021Rutgers,0,2.300788978648688e-06,0
2021,VCU,2021VCU,0,0.1256206611437953,0
2021,Virginia Tech,2021Virginia Tech,0,1.5064291429772015e-06,0
2021,Drake,2021Drake,0,0.006212268509081767,0
2021,Syracuse,2021Syracuse,0,0.03113199923321835,0
2021,UCLA,2021UCLA,0,0.0033202019971541145,0
2021,Utah St,2021Utah St,0,1.3146346311401962e-05,0
2021,Georgetown,2021Georgetown,0,0.0016639022107766146,0
2021,Oregon St,2021Oregon St,0,0.03509810966222642,0
2021,Santa Barbara,2021Santa Barbara,0,0.00044139805482040415,0
2021,Winthrop,2021Winthrop,0,2.8582328680571204e-07,0
2021,Liberty,2021Liberty,0,8.885863723676984e-08,0
2021,North Texas,2021North Texas,0,0.00011242779455310074,0
2021,Ohio,2021Ohio,0,1.1826663090821512e-06,0
2021,UNC Greensboro,2021UNC Greensboro,0,8.872142483473842e-08,0
2021,Abilene Christian,2021Abilene Christian,0,2.97737165162021e-06,0
2021,Colgate,2021Colgate,0,5.352677964943664e-07,0
2021,Eastern Washington,2021Eastern Washington,0,8.057673489140222e-09,0
2021,Morehead St,2021Morehead St,0,1.3741163632429636e-06,0
2021,Cleveland St,2021Cleveland St,0,2.7479475633635222e-06,0
2021,Grand Canyon,2021Grand Canyon,0,2.774307229562204e-10,0
2021,Iona,2021Iona,0,1.9921641801829497e-07,0
2021,Oral Roberts,2021Oral Roberts,0,0.00011978842914355309,0
2021,Drexel,2021Drexel,0,8.971899487953531e-07,0
2021,Hartford,2021Hartford,0,3.7088033921381826e-10,0
2021,Norfolk St,2021Norfolk St,0,1.7932269650012246e-10,0
2021,Texas Southern,2021Texas Southern,0,8.496884069338025e-09,0
2022,Arizona,2022Arizona,0,0.5289101927304934,1
2022,Baylor,2022Baylor,0,0.2903261296136125,0
2022,Gonzaga,2022Gonzaga,0,0.028553451062486617,0
2022,Kansas,2022Kansas,1,0.11265319108651445,0
2022,Auburn,2022Auburn,0,0.019626391384238027,0
2022,Duke,2022Duke,0,0.0019815427531512616,0
2022,Kentucky,2022Kentucky,0,0.17946891152408845,0
2022,Villanova,2022Villanova,0,0.8802433595953522,1
2022,Purdue,2022Purdue,0,0.00037286642409574915,0
2022,Tennessee,2022Tennessee,0,0.3658545302417,0
2022,Texas Tech,2022Texas Tech,0,0.00022901825044168223,0
2022,Wisconsin,2022Wisconsin,0,2.6816002346053834e-05,0
2022,Arkansas,2022Arkansas,0,0.00035835202840384274,0
2022,Illinois,2022Illinois,0,0.0034541945800708736,0
2022,Providence,2022Providence,0,0.004591074239865579,0
2022,UCLA,2022UCLA,0,0.0040937065881973935,0
2022,Connecticut,2022Connecticut,0,0.15939608220140408,0
2022,Houston,2022Houston,0,0.020165204995722368,0
2022,Iowa,2022Iowa,0,0.001094662115527402,0
2022,St Marys,2022St Marys,0,0.12254979659347426,0
2022,Alabama,2022Alabama,0,0.0012600112862878596,0
2022,Colorado St,2022Colorado St,0,4.561021971090377e-05,0
2022,LSU,2022LSU,0,0.0016868201884102081,0
2022,Texas,2022Texas,0,0.001295785138715026,0
2022,Michigan St,2022Michigan St,0,0.00035883963969198196,0
2022,Murray St,2022Murray St,0,0.0008714430136770422,0
2022,Ohio St,2022Ohio St,0,1.7348519587315973e-05,0
2022,USC,2022USC,0,1.2869508223411038e-05,0
2022,Boise St,2022Boise St,0,2.416225948882152e-07,0
2022,North Carolina,2022North Carolina,0,0.008313550897359254,0
2022,San Diego St,2022San Diego St,0,2.400160409142792e-05,0
2022,Seton Hall,2022Seton Hall,0,0.002894252914178354,0
2022,Creighton,2022Creighton,0,0.0005191356028462117,0
2022,Marquette,2022Marquette,0,3.7935946761671214e-06,0
2022,Memphis,2022Memphis,0,8.344029684476262e-05,0
2022,TCU,2022TCU,0,0.0002984571644670388,0
2022,Davidson,2022Davidson,0,3.497278615733312e-08,0
2022,Loyola Chicago,2022Loyola Chicago,0,2.5307712490294933e-05,0
2022,Miami,2022Miami,0,1.3463159771409613e-06,0
2022,San Francisco,2022San Francisco,0,9.665279695783052e-05,0
2022,Iowa St,2022Iowa St,0,7.776083073640084e-06,0
2022,Michigan,2022Michigan,0,4.848160955191984e-05,0
2022,Notre Dame,2022Notre Dame,0,9.728034213385547e-07,0
2022,Rutgers,2022Rutgers,0,3.710907926088958e-07,0
2022,Virginia Tech,2022Virginia Tech,0,3.5959546576232895e-05,0
2022,Indiana,2022Indiana,0,1.5534486898862633e-08,0
2022,New Mexico St,2022New Mexico St,0,3.897446759932773e-06,0
2022,Richmond,2022Richmond,0,1.9582771422016832e-08,0
2022,UAB,2022UAB,0,0.00022955992749367212,0
2022,Wyoming,2022Wyoming,0,7.882541117469033e-08,0
2022,Akron,2022Akron,0,3.392267883972516e-10,0
2022,Chattanooga,2022Chattanooga,0,0.0003368654176705403,0
2022,South Dakota St,2022South Dakota St,0,8.076404085692538e-07,0
2022,Vermont,2022Vermont,0,1.7437942813352745e-08,0
2022,Colgate,2022Colgate,0,2.2413315935958987e-11,0
2022,Longwood,2022Longwood,0,2.054026109607276e-07,0
2022,Montana St,2022Montana St,0,1.5987025875385854e-08,0
2022,Yale,2022Yale,0,5.047875268807663e-09,0
2022,Cal St Fullerton,2022Cal St Fullerton,0,1.1504019314484825e-08,0
2022,Delaware,2022Delaware,0,5.078828098207335e-09,0
2022,Jacksonville St,2022Jacksonville St,0,2.5518674572359773e-11,0
2022,St Peters,2022St Peters,0,3.4013009268504267e-09,0
2022,Bryant,2022Bryant,0,8.266082749538046e-07,0
2022,Georgia St,2022Georgia St,0,6.785209247977532e-07,0
2022,Norfolk St,2022Norfolk St,0,1.9121641432896816e-09,0
2022,Texas A&M Corpus Chris,2022Texas A&M Corpus Chris,0,4.171662099248323e-09,0
2022,Texas Southern,2022Texas Southern,0,2.0076835787901715e-10,0
2022,Wright St,2022Wright St,0,3.3401206465520288e-09,0
2023,Alabama,2023Alabama,0,0.8407135583887358,1
2023,Houston,2023Houston,0,0.2716682493505573,0
2023,Kansas,2023Kansas,0,0.9914814403024373,1
2023,Purdue,2023Purdue,0,0.01876546345772294,0
2023,Arizona,2023Arizona,0,0.012028823675385037,0
2023,Marquette,2023Marquette,0,0.06586066347594909,0
2023,Texas,2023Texas,0,0.5958309151438692,1
2023,UCLA,2023UCLA,0,0.3005448686604769,0
2023,Baylor,2023Baylor,0,0.05548702420597821,0
2023,Gonzaga,2023Gonzaga,0,0.02848499519198651,0
2023,Kansas St.,2023Kansas St.,0,0.10071307700124991,0
2023,Xavier,2023Xavier,0,0.005275109088679948,0
2023,Connecticut,2023Connecticut,1,0.06503639308939994,0
2023,Indiana,2023Indiana,0,0.0012080962297482446,0
2023,Tennessee,2023Tennessee,0,4.951032852887775e-05,0
2023,Virginia,2023Virginia,0,3.337853336905651e-06,0
2023,Duke,2023Duke,0,0.22735440622238504,0
2023,Miami FL,2023Miami FL,0,0.02156859214367121,0
2023,Saint Mary's,2023Saint Mary's,0,0.7950638277696859,1
2023,San Diego St.,2023San Diego St.,0,0.00876300757513387,0
2023,Creighton,2023Creighton,0,7.176160796926627e-05,0
2023,Iowa St.,2023Iowa St.,0,1.3391481927761936e-05,0
2023,Kentucky,2023Kentucky,0,0.0004045085394763755,0
2023,TCU,2023TCU,0,0.000806343978084304,0
2023,Michigan St.,2023Michigan St.,0,0.001285481751426849,0
2023,Missouri,2023Missouri,0,0.34923616656386897,0
2023,Northwestern,2023Northwestern,0,4.015104786254955e-05,0
2023,Texas A&M,2023Texas A&M,0,0.005040843343368117,0
2023,Arkansas,2023Arkansas,0,6.894553575425743e-06,0
2023,Iowa,2023Iowa,0,1.149855268157726e-05,0
2023,Maryland,2023Maryland,0,4.564227008199748e-06,0
2023,Memphis,2023Memphis,0,0.0016049530683871825,0
2023,Auburn,2023Auburn,0,9.319081669309948e-05,0
2023,Florida Atlantic,2023Florida Atlantic,0,0.0005054815915708435,0
2023,Illinois,2023Illinois,0,3.0590703972001276e-07,0
2023,West Virginia,2023West Virginia,0,3.131066093578696e-05,0
2023,Boise St.,2023Boise St.,0,5.908866427243997e-05,0
2023,Penn St.,2023Penn St.,0,3.4097756160753525e-06,0
2023,USC,2023USC,0,0.000509605229430864,0
2023,Utah St.,2023Utah St.,0,0.00023779703993227901,0
2023,Arizona St.,2023Arizona St.,0,3.00046013175795e-05,0
2023,Mississippi St.,2023Mississippi St.,0,3.4660415447518763e-07,0
2023,N.C. State,2023N.C. State,0,0.00012424608617328978,0
2023,Nevada,2023Nevada,0,4.917388177810693e-06,0
2023,Pittsburgh,2023Pittsburgh,0,5.241415133813172e-06,0
2023,Providence,2023Providence,0,0.00014180016132953906,0
2023,Charleston,2023Charleston,0,2.4226292504159164e-05,0
2023,Drake,2023Drake,0,3.563342528207326e-06,0
2023,Oral Roberts,2023Oral Roberts,0,0.0016965421404341859,0
2023,VCU,2023VCU,0,1.2372572227330185e-06,0
2023,Furman,2023Furman,0,3.625358417025195e-08,0
2023,Iona,2023Iona,0,1.0920844528721624e-05,0
2023,Kent St.,2023Kent St.,0,9.276792749480247e-07,0
2023,Louisiana,2023Louisiana,0,3.650513154014248e-06,0
2023,Grand Canyon,2023Grand Canyon,0,1.0251074598120829e-07,0
2023,Kennesaw St.,2023Kennesaw St.,0,1.39500641574617e-07,0
2023,Montana St.,2023Montana St.,0,4.6053562984994695e-07,0
2023,UC Santa Barbara,2023UC Santa Barbara,0,1.0201244988359437e-06,0
2023,Colgate,2023Colgate,0,1.3447627882805483e-10,0
2023,Princeton,2023Princeton,0,1.772331891511283e-09,0
2023,Vermont,2023Vermont,0,1.0237575155731212e-09,0
2023,Fairleigh Dickinson,2023Fairleigh Dickinson,0,2.59785637935141e-11,0
2023,Howard,2023Howard,0,3.3199861517117184e-06,0
2023,Northern Kentucky,2023Northern Kentucky,0,1.6634187070997463e-08,0
2023,Southeast Missouri St. ,2023Southeast Missouri St. ,0,9.957299503683302e-15,0
2023,Texas A&M Corpus Chris ,2023Texas A&M Corpus Chris ,0,1.7052213108499517e-07,0
2023,Texas Southern,2023Texas Southern,0,2.4674167974666937e-12,0
2023,UNC Asheville,2023UNC Asheville,0,1.3007213889225252e-07,0
2024,Connecticut,2024Connecticut,1,0.9996262572850279,1
2024,Houston,2024Houston,0,0.8546003789186273,1
2024,N Carolina,2024N Carolina,0,0.014641165995145552,0
2024,Purdue,2024Purdue,0,0.7090082596432921,1
2024,Arizona,2024Arizona,0,0.011928592452056254,0
2024,Iowa St,2024Iowa St,0,0.0004696024438144843,0
2024,Marquette,2024Marquette,0,0.0013122872760370893,0
2024,Tennessee,2024Tennessee,0,0.009859644990857992,0
2024,Baylor,2024Baylor,0,0.010373139539382969,0
2024,Creighton,2024Creighton,0,0.10939048154643713,0
2024,Illinois,2024Illinois,0,0.07819170817028095,0
2024,Kentucky,2024Kentucky,0,0.001044596779511224,0
2024,Alabama,2024Alabama,0,0.33457283787067926,0
2024,Auburn,2024Auburn,0,0.012012315151958863,0
2024,Duke,2024Duke,0,0.0018016779505736023,0
2024,Kansas,2024Kansas,0,0.00021993242974053287,0
2024,Gonzaga,2024Gonzaga,0,0.00022817871901086395,0
2024,San Diego St,2024San Diego St,0,0.0002730075746969887,0
2024,St Marys,2024St Marys,0,0.002173906487585672,0
2024,Wisconsin,2024Wisconsin,0,0.00011743997663434063,0
2024,BYU,2024BYU,0,0.0021713199974758776,0
2024,Clemson,2024Clemson,0,0.00039595116745132425,0
2024,S Carolina,2024S Carolina,0,0.03534295889439338,0
2024,Texas Tech,2024Texas Tech,0,0.0073410894615408276,0
2024,Dayton,2024Dayton,0,5.682553278683382e-06,0
2024,Florida,2024Florida,0,0.003560850787322494,0
2024,Texas,2024Texas,0,0.003965018284493464,0
2024,Washington St,2024Washington St,0,0.0005900275581278233,0
2024,Fla Atlantic,2024Fla Atlantic,0,3.2633622514513385e-05,0
2024,Mississippi St,2024Mississippi St,0,5.5721116660259295e-06,0
2024,Nebraska,2024Nebraska,0,0.00027779047250611907,0
2024,Utah St,2024Utah St,0,0.0023189761792203395,0
2024,Michigan St,2024Michigan St,0,5.80119133854559e-07,0
2024,Northwestern,2024Northwestern,0,9.231319640898189e-05,0
2024,TCU,2024TCU,0,0.002086501576612137,0
2024,Texas A&M,2024Texas A&M,0,6.930371836061548e-06,0
2024,Boise St,2024Boise St,0,0.00019420905335792996,0
2024,Colorado,2024Colorado,0,0.12724031133072117,0
2024,Colorado St,2024Colorado St,0,5.398130024456272e-06,0
2024,Drake,2024Drake,0,2.246983997599766e-05,0
2024,Nevada,2024Nevada,0,3.0498231706358984e-07,0
2024,Virginia,2024Virginia,0,5.521389327170392e-07,0
2024,Duquesne,2024Duquesne,0,2.0698303623271027e-05,0
2024,NC State,2024NC State,0,0.00015514425274719513,0
2024,New Mexico,2024New Mexico,0,8.082278167503737e-05,0
2024,Oregon,2024Oregon,0,2.9336192333931227e-05,0
2024,Grd Canyon,2024Grd Canyon,0,0.00033124527738263225,0
2024,James Madison,2024James Madison,0,0.0004257970034487328,0
2024,McNeese,2024McNeese,0,2.606990025517815e-08,0
2024,UAB,2024UAB,0,0.00036558088791945975,0
2024,Charleston,2024Charleston,0,3.1926777821789374e-06,0
2024,Samford,2024Samford,0,0.00015344073861203007,0
2024,Vermont,2024Vermont,0,2.2683003336544715e-08,0
2024,Yale,2024Yale,0,3.856351266671001e-08,0
2024,Akron,2024Akron,0,9.938161884434366e-09,0
2024,Colgate,2024Colgate,0,5.141637888743451e-10,0
2024,Morehead St,2024Morehead St,0,2.7284536911758454e-06,0
2024,Oakland,2024Oakland,0,2.0105741109802473e-06,0
2024,Long Beach St,2024Long Beach St,0,3.130298411417923e-09,0
2024,S Dakota St,2024S Dakota St,0,3.907866550467081e-12,0
2024,St Peters,2024St Peters,0,2.1077319341635605e-08,0
2024,Western KY,2024Western KY,0,3.7811006818423215e-11,0
2024,Grambling,2024Grambling,0,1.7062038006229893e-07,0
2024,Howard,2024Howard,0,5.3598582277137765e-09,0
2024,Longwood,2024Longwood,0,5.718256607526853e-10,0
2024,Montana St,2024Montana St,0,1.2498806475663071e-11,0
2024,Stetson,2024Stetson,0,1.442754233775754e-07,0
2024,Wagner,2024Wagner,0,6.229028832557275e-12,0
2025,Auburn,2025Auburn,0,0.9994505102825924,1
2025,Duke,2025Duke,0,0.9997163517639989,1
2025,Florida,2025Florida,1,0.9999741601305756,1
2025,Houston,2025Houston,0,0.9995461747761794,1
2025,Alabama,2025Alabama,0,0.9898641583771247,1
2025,Michigan St,2025Michigan St,0,0.8688421428703814,1
2025,St Johns,2025St Johns,0,0.04613784107247714,0
2025,Tennessee,2025Tennessee,0,0.9342201402359248,1
2025,Iowa St,2025Iowa St,0,0.018436588285392953,0
2025,Kentucky,2025Kentucky,0,0.0186812405772802,0
2025,Texas Tech,2025Texas Tech,0,0.7488306703037635,1
2025,Wisconsin,2025Wisconsin,0,0.03312388015269609,0
2025,Arizona,2025Arizona,0,0.5888090812277941,1
2025,Maryland,2025Maryland,0,0.041717285440036896,0
2025,Purdue,2025Purdue,0,0.011588259162515656,0
2025,Texas A&M,2025Texas A&M,0,0.00593792231895593,0
2025,Clemson,2025Clemson,0,0.06057915362443,0
2025,Memphis,2025Memphis,0,0.0076179257251009136,0
2025,Michigan,2025Michigan,0,0.8107434831436026,1
2025,Oregon,2025Oregon,0,0.4076535251188637,0
2025,BYU,2025BYU,0,0.01830265725937851,0
2025,Illinois,2025Illinois,0,0.7052842588319396,1
2025,Mississippi,2025Mississippi,0,0.0018679180763041057,0
2025,Missouri,2025Missouri,0,0.0008729734354649766,0
2025,Kansas,2025Kansas,0,0.014901087697360392,0
2025,Marquette,2025Marquette,0,0.003816423182680235,0
2025,St Marys,2025St Marys,0,0.056428089241761036,0
2025,UCLA,2025UCLA,0,0.0009262726254671558,0
2025,Connecticut,2025Connecticut,0,0.4209860088772016,0
2025,Gonzaga,2025Gonzaga,0,0.26355840159402866,0
2025,Louisville,2025Louisville,0,0.023006591452671192,0
2025,Mississippi St,2025Mississippi St,0,0.0005455983644769214,0
2025,Baylor,2025Baylor,0,0.011354430173201632,0
2025,Creighton,2025Creighton,0,0.0022766880782700586,0
2025,Georgia,2025Georgia,0,0.0008101487364565919,0
2025,Oklahoma,2025Oklahoma,0,0.014325457251716401,0
2025,Arkansas,2025Arkansas,0,0.0011551007173955076,0
2025,New Mexico,2025New Mexico,0,4.808765707564027e-06,0
2025,Utah St,2025Utah St,0,9.213513228945304e-05,0
2025,Vanderbilt,2025Vanderbilt,0,0.000705160415468349,0
2025,Drake,2025Drake,0,5.3927748801357034e-05,0
2025,N Carolina,2025N Carolina,0,0.0005091118630577633,0
2025,San Diego St,2025San Diego St,0,2.319941257428047e-07,0
2025,Texas,2025Texas,0,1.2874887988712173e-05,0
2025,VCU,2025VCU,0,0.007352718600438033,0
2025,Xavier,2025Xavier,0,4.437805127074166e-05,0
2025,Colorado St,2025Colorado St,0,0.0009986891847787013,0
2025,Liberty,2025Liberty,0,2.5155470399469605e-08,0
2025,McNeese,2025McNeese,0,2.8959103926960007e-06,0
2025,UC San Diego,2025UC San Diego,0,2.2159959623395272e-06,0
2025,Akron,2025Akron,0,0.0010313289842171377,0
2025,Grd Canyon,2025Grd Canyon,0,3.272581088891703e-06,0
2025,High Point,2025High Point,0,1.3681081908770699e-05,0
2025,Yale,2025Yale,0,1.5182736640471734e-08,0
2025,Lipscomb,2025Lipscomb,0,2.8670211668328813e-07,0
2025,Montana,2025Montana,0,7.025918209104625e-07,0
2025,Troy,2025Troy,0,5.353490779410109e-06,0
2025,UNC Wilmington,2025UNC Wilmington,0,8.705258486316928e-07,0
2025,Bryant,2025Bryant,0,4.490648781086246e-08,0
2025,Omaha,2025Omaha,0,5.081636323018742e-09,0
2025,Robert Morris,2025Robert Morris,0,1.545273206821077e-06,0
2025,Wofford,2025Wofford,0,2.087240798681216e-10,0
2025,Alabama St,2025Alabama St,0,2.909153460040752e-12,0
2025,American,2025American,0,5.272559251217578e-09,0
2025,Mount St Marys,2025Mount St Marys,0,1.2098024813911562e-07,0
2025,Norfolk St,2025Norfolk St,0,5.294113403855938e-08,0
2025,SIUE,2025SIUE,0,8.190214389133652e-11,0
2025,St Francis PA,2025St Francis PA,0,6.5240932783775624e-12,0
