year,team,year_team,Pts,prediction
2011,Duke,2011Duke,3,4.906227111816406
2011,Kansas,2011Kansas,7,8.989484786987305
2011,Ohio St,2011Ohio St,3,51.26117706298828
2011,Pittsburgh,2011Pittsburgh,1,24.279518127441406
2011,Florida,2011Florida,7,5.258741855621338
2011,North Carolina,2011North Carolina,7,4.053335189819336
2011,Notre Dame,2011Notre Dame,1,4.659440994262695
2011,San Diego St,2011San Diego St,3,6.933203220367432
2011,BYU,2011BYU,3,6.877407550811768
2011,Connecticut,2011Connecticut,63,13.998605728149414
2011,Purdue,2011Purdue,1,4.382174491882324
2011,Syracuse,2011Syracuse,1,10.482684135437012
2011,Kentucky,2011Kentucky,15,6.385268688201904
2011,Louisville,2011Louisville,0,6.685108184814453
2011,Texas,2011Texas,1,6.35869836807251
2011,Wisconsin,2011Wisconsin,3,7.171390056610107
2011,Arizona,2011Arizona,7,2.376452684402466
2011,Kansas St,2011Kansas St,1,-0.178387850522995
2011,Vanderbilt,2011Vanderbilt,0,-0.24167710542678833
2011,West Virginia,2011West Virginia,1,2.5903711318969727
2011,Cincinnati,2011Cincinnati,1,1.2799243927001953
2011,Georgetown,2011Georgetown,0,1.6989330053329468
2011,St Johns,2011St Johns,0,1.3632290363311768
2011,Xavier,2011Xavier,0,0.6245024800300598
2011,Temple,2011Temple,1,1.8175162076950073
2011,Texas A&M,2011Texas A&M,0,-0.14781397581100464
2011,UCLA,2011UCLA,1,0.09230965375900269
2011,Washington,2011Washington,1,1.2427831888198853
2011,Butler,2011Butler,31,1.294416904449463
2011,George Mason,2011George Mason,1,1.3210339546203613
2011,Michigan,2011Michigan,1,0.7700459957122803
2011,UNLV,2011UNLV,0,0.4790222644805908
2011,Illinois,2011Illinois,1,1.2190219163894653
2011,Old Dominion,2011Old Dominion,0,6.181756019592285
2011,Tennessee,2011Tennessee,0,0.18011197447776794
2011,Villanova,2011Villanova,0,-0.18487316370010376
2011,Florida St,2011Florida St,3,0.9433149099349976
2011,Georgia,2011Georgia,0,0.3276897370815277
2011,Michigan St,2011Michigan St,0,0.5739731192588806
2011,Penn St,2011Penn St,0,0.19127929210662842
2011,Gonzaga,2011Gonzaga,1,0.7469767332077026
2011,Marquette,2011Marquette,3,0.7810824513435364
2011,Missouri,2011Missouri,0,1.00678551197052
2011,VCU,2011VCU,15,0.9473017454147339
2011,Clemson,2011Clemson,0,0.5611746907234192
2011,Memphis,2011Memphis,0,0.297384113073349
2011,Richmond,2011Richmond,3,2.0885283946990967
2011,Utah St,2011Utah St,0,4.648482799530029
2011,Belmont,2011Belmont,0,1.7428200244903564
2011,Morehead St,2011Morehead St,1,-0.5963113903999329
2011,Oakland,2011Oakland,0,0.25797832012176514
2011,Princeton,2011Princeton,0,0.6420546174049377
2011,Bucknell,2011Bucknell,0,1.9143697023391724
2011,Indiana St,2011Indiana St,0,0.17984530329704285
2011,St Peters,2011St Peters,0,2.283762216567993
2011,Wofford,2011Wofford,0,0.2864909768104553
2011,Akron,2011Akron,0,0.6141049265861511
2011,Long Island Brooklyn,2011Long Island Brooklyn,0,1.2179490327835083
2011,Northern Colorado,2011Northern Colorado,0,-0.006506332196295261
2011,Santa Barbara,2011Santa Barbara,0,0.06447680294513702
2011,Boston University,2011Boston University,0,0.4227229058742523
2011,Hampton,2011Hampton,0,0.5474035143852234
2011,Texas San Antonio,2011Texas San Antonio,0,0.497728556394577
2011,UNC Asheville,2011UNC Asheville,0,0.35373562574386597
2012,Kentucky,2012Kentucky,63,37.07549285888672
2012,Michigan St,2012Michigan St,3,4.914211750030518
2012,North Carolina,2012North Carolina,7,15.303728103637695
2012,Syracuse,2012Syracuse,7,16.169645309448242
2012,Duke,2012Duke,0,1.5003387928009033
2012,Kansas,2012Kansas,31,2.994506359100342
2012,Missouri,2012Missouri,0,7.601912021636963
2012,Ohio St,2012Ohio St,15,6.973752975463867
2012,Baylor,2012Baylor,7,5.976096153259277
2012,Florida St,2012Florida St,1,2.0393881797790527
2012,Georgetown,2012Georgetown,1,1.24259614944458
2012,Marquette,2012Marquette,3,3.3514885902404785
2012,Indiana,2012Indiana,3,3.200831890106201
2012,Louisville,2012Louisville,15,5.7904582023620605
2012,Michigan,2012Michigan,0,1.6813035011291504
2012,Wisconsin,2012Wisconsin,3,2.6757216453552246
2012,New Mexico,2012New Mexico,1,0.34016063809394836
2012,Temple,2012Temple,0,1.167163372039795
2012,Vanderbilt,2012Vanderbilt,1,4.100380897521973
2012,Wichita St,2012Wichita St,0,3.1366193294525146
2012,Cincinnati,2012Cincinnati,3,0.33166950941085815
2012,Murray St,2012Murray St,1,0.2357282191514969
2012,San Diego St,2012San Diego St,0,0.9376606345176697
2012,UNLV,2012UNLV,0,0.5632042288780212
2012,Florida,2012Florida,7,3.210657835006714
2012,Gonzaga,2012Gonzaga,1,1.8166885375976562
2012,Notre Dame,2012Notre Dame,0,0.30114322900772095
2012,St Marys,2012St Marys,0,1.0901551246643066
2012,Creighton,2012Creighton,1,1.564460039138794
2012,Iowa St,2012Iowa St,1,2.2387406826019287
2012,Kansas St,2012Kansas St,1,-1.3788373470306396
2012,Memphis,2012Memphis,0,2.4489998817443848
2012,Alabama,2012Alabama,0,0.6235994100570679
2012,Connecticut,2012Connecticut,0,1.3572975397109985
2012,Southern Mississippi,2012Southern Mississippi,0,-0.03096153400838375
2012,St Louis,2012St Louis,1,1.581717610359192
2012,Purdue,2012Purdue,1,0.8623227477073669
2012,Virginia,2012Virginia,0,1.1484653949737549
2012,West Virginia,2012West Virginia,0,2.0482184886932373
2012,Xavier,2012Xavier,3,0.5996419191360474
2012,Colorado,2012Colorado,1,0.7346121668815613
2012,Colorado St,2012Colorado St,0,0.66373610496521
2012,NC State,2012NC State,3,0.6323261260986328
2012,Texas,2012Texas,0,1.5859131813049316
2012,Harvard,2012Harvard,0,0.3769470453262329
2012,Long Beach St,2012Long Beach St,0,-0.2888614237308502
2012,South Florida,2012South Florida,1,-0.27598991990089417
2012,VCU,2012VCU,1,1.0731228590011597
2012,Davidson,2012Davidson,0,0.8350911140441895
2012,Montana,2012Montana,0,0.344927042722702
2012,New Mexico St,2012New Mexico St,0,0.4772770404815674
2012,Ohio,2012Ohio,3,1.0951263904571533
2012,BYU,2012BYU,0,0.10893390327692032
2012,Belmont,2012Belmont,0,1.0694103240966797
2012,South Dakota St,2012South Dakota St,0,1.2009843587875366
2012,St Bonaventure,2012St Bonaventure,0,-0.3928498327732086
2012,Detroit,2012Detroit,0,-0.32224807143211365
2012,Lehigh,2012Lehigh,1,0.45904412865638733
2012,Loyola Maryland,2012Loyola Maryland,0,0.19637340307235718
2012,Norfolk St,2012Norfolk St,1,0.07823260873556137
2012,Long Island Brooklyn,2012Long Island Brooklyn,0,0.9039345979690552
2012,UNC Asheville,2012UNC Asheville,0,3.325618267059326
2012,Vermont,2012Vermont,0,-0.45916908979415894
2012,Western Kentucky,2012Western Kentucky,0,0.20367857813835144
2013,Gonzaga,2013Gonzaga,1,1.0544358491897583
2013,Indiana,2013Indiana,3,7.92094612121582
2013,Kansas,2013Kansas,3,1.5550613403320312
2013,Louisville,2013Louisville,63,23.950016021728516
2013,Duke,2013Duke,7,20.139448165893555
2013,Georgetown,2013Georgetown,0,5.294571399688721
2013,Miami,2013Miami,3,4.52504825592041
2013,Ohio St,2013Ohio St,7,5.282089710235596
2013,Florida,2013Florida,7,9.688657760620117
2013,Marquette,2013Marquette,7,3.695688486099243
2013,Michigan St,2013Michigan St,3,2.2895636558532715
2013,New Mexico,2013New Mexico,0,2.584848642349243
2013,Kansas St,2013Kansas St,0,9.189047813415527
2013,Michigan,2013Michigan,31,4.700201988220215
2013,St Louis,2013St Louis,1,0.28374582529067993
2013,Syracuse,2013Syracuse,15,13.01688003540039
2013,Oklahoma St,2013Oklahoma St,0,1.1244622468948364
2013,UNLV,2013UNLV,0,1.8650469779968262
2013,VCU,2013VCU,1,4.80014181137085
2013,Wisconsin,2013Wisconsin,0,2.15651535987854
2013,Arizona,2013Arizona,3,3.6175427436828613
2013,Butler,2013Butler,1,0.9222147464752197
2013,Memphis,2013Memphis,1,4.609086990356445
2013,UCLA,2013UCLA,0,1.4186879396438599
2013,Creighton,2013Creighton,1,1.6821212768554688
2013,Illinois,2013Illinois,1,2.25803542137146
2013,Notre Dame,2013Notre Dame,0,3.31990647315979
2013,San Diego St,2013San Diego St,1,0.5131465792655945
2013,Colorado St,2013Colorado St,1,6.448803901672363
2013,NC State,2013NC State,0,1.1793181896209717
2013,North Carolina,2013North Carolina,1,3.8292126655578613
2013,Pittsburgh,2013Pittsburgh,0,3.9317026138305664
2013,Missouri,2013Missouri,0,4.67775297164917
2013,Temple,2013Temple,1,0.9812523722648621
2013,Villanova,2013Villanova,0,0.15955141186714172
2013,Wichita St,2013Wichita St,15,3.076415538787842
2013,Cincinnati,2013Cincinnati,0,8.829048156738281
2013,Colorado,2013Colorado,0,2.2495808601379395
2013,Iowa St,2013Iowa St,1,0.40726539492607117
2013,Oklahoma,2013Oklahoma,0,0.44441118836402893
2013,Belmont,2013Belmont,0,1.2104283571243286
2013,Bucknell,2013Bucknell,0,-0.8753058910369873
2013,Minnesota,2013Minnesota,1,3.0923542976379395
2013,St Marys,2013St Marys,0,1.267780065536499
2013,Akron,2013Akron,0,0.6488032937049866
2013,California,2013California,1,1.4522638320922852
2013,Ole Miss,2013Ole Miss,1,1.5559780597686768
2013,Oregon,2013Oregon,3,3.6725080013275146
2013,La Salle,2013La Salle,3,3.469722032546997
2013,Montana,2013Montana,0,0.48880764842033386
2013,New Mexico St,2013New Mexico St,0,-0.3157755732536316
2013,South Dakota St,2013South Dakota St,0,1.7546718120574951
2013,Davidson,2013Davidson,0,0.533143937587738
2013,Harvard,2013Harvard,1,0.5687263607978821
2013,Northwestern St,2013Northwestern St,0,0.17638495564460754
2013,Valparaiso,2013Valparaiso,0,0.07636801898479462
2013,Albany,2013Albany,0,-0.45217645168304443
2013,Florida Gulf Coast,2013Florida Gulf Coast,3,0.2801695466041565
2013,Iona,2013Iona,0,2.9211833477020264
2013,Pacific,2013Pacific,0,0.7900556921958923
2013,James Madison,2013James Madison,0,0.3909261226654053
2013,North Carolina A&T,2013North Carolina A&T,0,0.554097592830658
2013,Southern,2013Southern,0,0.7503083348274231
2013,Western Kentucky,2013Western Kentucky,0,0.33209583163261414
2014,Arizona,2014Arizona,7,10.780552864074707
2014,Florida,2014Florida,15,9.309155464172363
2014,Virginia,2014Virginia,3,3.3393054008483887
2014,Wichita St,2014Wichita St,1,-1.032186508178711
2014,Kansas,2014Kansas,1,1.5627636909484863
2014,Michigan,2014Michigan,7,5.226236343383789
2014,Villanova,2014Villanova,1,10.791560173034668
2014,Wisconsin,2014Wisconsin,15,6.96956205368042
2014,Creighton,2014Creighton,1,3.164630889892578
2014,Duke,2014Duke,0,1.9737409353256226
2014,Iowa St,2014Iowa St,3,2.603686571121216
2014,Syracuse,2014Syracuse,1,13.61280632019043
2014,Louisville,2014Louisville,3,1.999403953552246
2014,Michigan St,2014Michigan St,7,4.736055374145508
2014,San Diego St,2014San Diego St,3,1.6669089794158936
2014,UCLA,2014UCLA,3,1.4029536247253418
2014,Cincinnati,2014Cincinnati,0,6.669827938079834
2014,Oklahoma,2014Oklahoma,0,0.24503593146800995
2014,St Louis,2014St Louis,1,2.272796392440796
2014,VCU,2014VCU,0,1.7251042127609253
2014,Baylor,2014Baylor,3,-1.169945478439331
2014,Massachusetts,2014Massachusetts,0,0.034428562968969345
2014,North Carolina,2014North Carolina,1,1.4300577640533447
2014,Ohio St,2014Ohio St,0,2.0972533226013184
2014,Connecticut,2014Connecticut,63,5.700648307800293
2014,New Mexico,2014New Mexico,0,1.7171615362167358
2014,Oregon,2014Oregon,1,0.24126861989498138
2014,Texas,2014Texas,1,0.49595823884010315
2014,Colorado,2014Colorado,0,0.022573791444301605
2014,Gonzaga,2014Gonzaga,1,1.7294610738754272
2014,Kentucky,2014Kentucky,31,-0.3880627453327179
2014,Memphis,2014Memphis,1,0.49507901072502136
2014,George Washington,2014George Washington,0,-0.14130854606628418
2014,Kansas St,2014Kansas St,0,1.4742435216903687
2014,Oklahoma St,2014Oklahoma St,0,1.2047154903411865
2014,Pittsburgh,2014Pittsburgh,1,0.7492077350616455
2014,Arizona St,2014Arizona St,0,0.1977054625749588
2014,BYU,2014BYU,0,-0.1295120269060135
2014,St Josephs,2014St Josephs,0,1.3065365552902222
2014,Stanford,2014Stanford,3,1.2175519466400146
2014,Dayton,2014Dayton,7,0.9602218866348267
2014,Nebraska,2014Nebraska,0,1.4322333335876465
2014,Providence,2014Providence,0,0.7669887542724609
2014,Tennessee,2014Tennessee,3,5.523829936981201
2014,Harvard,2014Harvard,1,1.5522633790969849
2014,NC State,2014NC State,0,1.5992628335952759
2014,North Dakota St,2014North Dakota St,1,0.25853750109672546
2014,Stephen F Austin,2014Stephen F Austin,1,0.3239120841026306
2014,Delaware,2014Delaware,0,0.8432380557060242
2014,Manhattan,2014Manhattan,0,-0.20128320157527924
2014,New Mexico St,2014New Mexico St,0,-0.8528432250022888
2014,Tulsa,2014Tulsa,0,-0.19145891070365906
2014,Louisiana Lafayette,2014Louisiana Lafayette,0,-0.5693486332893372
2014,Mercer,2014Mercer,1,-0.14702549576759338
2014,North Carolina Central,2014North Carolina Central,0,0.4371214210987091
2014,Western Michigan,2014Western Michigan,0,0.15928643941879272
2014,American,2014American,0,-0.9216645359992981
2014,Eastern Kentucky,2014Eastern Kentucky,0,0.561906635761261
2014,Wisconsin Milwaukee,2014Wisconsin Milwaukee,0,-0.08007052540779114
2014,Wofford,2014Wofford,0,-0.01567961275577545
2014,Albany,2014Albany,0,-0.12127126753330231
2014,Cal Poly,2014Cal Poly,0,0.19080334901809692
2014,Coastal Carolina,2014Coastal Carolina,0,-0.038308121263980865
2014,Weber St,2014Weber St,0,0.12468579411506653
2015,Duke,2015Duke,63,36.68667984008789
2015,Kentucky,2015Kentucky,15,40.97294616699219
2015,Villanova,2015Villanova,1,13.773744583129883
2015,Wisconsin,2015Wisconsin,31,34.344451904296875
2015,Arizona,2015Arizona,7,38.71745300292969
2015,Gonzaga,2015Gonzaga,7,8.660696983337402
2015,Kansas,2015Kansas,1,9.16347599029541
2015,Virginia,2015Virginia,1,2.255890369415283
2015,Baylor,2015Baylor,0,4.3420209884643555
2015,Iowa St,2015Iowa St,0,2.1954705715179443
2015,Notre Dame,2015Notre Dame,7,12.0327787399292
2015,Oklahoma,2015Oklahoma,3,3.5137932300567627
2015,Georgetown,2015Georgetown,1,1.9625012874603271
2015,Louisville,2015Louisville,7,2.728588581085205
2015,Maryland,2015Maryland,1,2.5477492809295654
2015,N Carolina,2015N Carolina,3,17.14510154724121
2015,Arkansas,2015Arkansas,1,2.6200225353240967
2015,Northern Iowa,2015Northern Iowa,1,1.3642557859420776
2015,Utah,2015Utah,3,3.6563408374786377
2015,West Virginia,2015West Virginia,3,2.4350671768188477
2015,Butler,2015Butler,1,0.5186943411827087
2015,Providence,2015Providence,0,3.262192726135254
2015,SMU,2015SMU,0,0.09977864474058151
2015,Xavier,2015Xavier,3,0.7340252995491028
2015,Iowa,2015Iowa,1,1.1136902570724487
2015,Michigan St,2015Michigan St,15,2.671970844268799
2015,VCU,2015VCU,0,1.4159176349639893
2015,Wichita St,2015Wichita St,3,2.061767339706421
2015,Cincinnati,2015Cincinnati,1,-0.7782710790634155
2015,NC State,2015NC State,3,0.6138432025909424
2015,Oregon,2015Oregon,1,1.571414589881897
2015,San Diego St,2015San Diego St,1,-1.067641258239746
2015,LSU,2015LSU,0,0.8941852450370789
2015,Oklahoma St,2015Oklahoma St,0,0.6455036401748657
2015,Purdue,2015Purdue,0,-0.5362589359283447
2015,St Johns,2015St Johns,0,0.8217447996139526
2015,Davidson,2015Davidson,0,4.7905402183532715
2015,Georgia,2015Georgia,0,0.21854232251644135
2015,Indiana,2015Indiana,0,0.247825488448143
2015,Ohio St,2015Ohio St,1,2.167924642562866
2015,BYU,2015BYU,0,0.6841105818748474
2015,Boise St,2015Boise St,0,0.02136910893023014
2015,Dayton,2015Dayton,1,-0.10683988034725189
2015,Mississippi,2015Mississippi,0,0.1635572463274002
2015,Texas,2015Texas,0,-0.5744556784629822
2015,UCLA,2015UCLA,3,1.1273939609527588
2015,Buffalo,2015Buffalo,0,0.13611485064029694
2015,SF Austin,2015SF Austin,0,0.2577641010284424
2015,Wofford,2015Wofford,0,-0.5701649188995361
2015,Wyoming,2015Wyoming,0,-0.3850008547306061
2015,Eastern Washington,2015Eastern Washington,0,1.357698917388916
2015,Harvard,2015Harvard,0,0.11533419042825699
2015,UC Irvine,2015UC Irvine,0,-0.03786329925060272
2015,Valparaiso,2015Valparaiso,0,-0.4136850833892822
2015,Albany,2015Albany,0,-0.45499923825263977
2015,Georgia St,2015Georgia St,1,0.42674675583839417
2015,Northeastern,2015Northeastern,0,1.1578787565231323
2015,UAB,2015UAB,1,0.18674790859222412
2015,Belmont,2015Belmont,0,0.25977039337158203
2015,N Dakota St,2015N Dakota St,0,-0.5162612795829773
2015,New Mexico St,2015New Mexico St,0,1.025688648223877
2015,Texas Southern,2015Texas Southern,0,1.4383137226104736
2015,Coastal Carolina,2015Coastal Carolina,0,-0.033579085022211075
2015,Hampton,2015Hampton,0,-0.11173240840435028
2015,Lafayette,2015Lafayette,0,3.6447129249572754
2015,Manhattan,2015Manhattan,0,-0.028642579913139343
2015,North Florida,2015North Florida,0,-0.30678603053092957
2015,Robert Morris,2015Robert Morris,0,1.2067772150039673
2016,Kansas,2016Kansas,7,11.923986434936523
2016,North Carolina,2016North Carolina,31,19.933080673217773
2016,Oregon,2016Oregon,7,9.413274765014648
2016,Virginia,2016Virginia,7,2.8409087657928467
2016,Michigan St,2016Michigan St,0,9.26625919342041
2016,Oklahoma,2016Oklahoma,15,8.558662414550781
2016,Villanova,2016Villanova,63,9.645001411437988
2016,Xavier,2016Xavier,1,5.78359842300415
2016,Miami,2016Miami,3,8.739649772644043
2016,Texas A&M,2016Texas A&M,3,1.0402917861938477
2016,Utah,2016Utah,1,1.8556013107299805
2016,West Virginia,2016West Virginia,0,18.83189582824707
2016,California,2016California,0,1.9668335914611816
2016,Duke,2016Duke,3,2.59712290763855
2016,Iowa St,2016Iowa St,3,1.4708192348480225
2016,Kentucky,2016Kentucky,1,3.8372015953063965
2016,Baylor,2016Baylor,0,3.71992564201355
2016,Indiana,2016Indiana,3,1.5470174551010132
2016,Maryland,2016Maryland,3,2.561591148376465
2016,Purdue,2016Purdue,0,1.350517988204956
2016,Arizona,2016Arizona,0,1.7418557405471802
2016,Notre Dame,2016Notre Dame,7,2.389746904373169
2016,Seton Hall,2016Seton Hall,0,-0.16579569876194
2016,Texas,2016Texas,0,1.2519255876541138
2016,Dayton,2016Dayton,0,1.8494224548339844
2016,Iowa,2016Iowa,1,1.9620648622512817
2016,Oregon St,2016Oregon St,0,0.7017781734466553
2016,Wisconsin,2016Wisconsin,3,1.32090425491333
2016,Colorado,2016Colorado,0,0.46406570076942444
2016,St Josephs,2016St Josephs,1,0.2489904910326004
2016,Texas Tech,2016Texas Tech,0,1.1469897031784058
2016,USC,2016USC,0,-0.358722984790802
2016,Butler,2016Butler,1,0.775992751121521
2016,Cincinnati,2016Cincinnati,0,1.4684453010559082
2016,Connecticut,2016Connecticut,1,2.3789796829223633
2016,Providence,2016Providence,1,1.4128499031066895
2016,Pittsburgh,2016Pittsburgh,0,1.0940792560577393
2016,Syracuse,2016Syracuse,15,1.6484184265136719
2016,Temple,2016Temple,0,0.08741831034421921
2016,VCU,2016VCU,1,1.2805546522140503
2016,Gonzaga,2016Gonzaga,3,2.292276382446289
2016,Michigan,2016Michigan,0,0.34541192650794983
2016,Northern Iowa,2016Northern Iowa,1,0.2784293293952942
2016,Wichita St,2016Wichita St,1,0.8406217098236084
2016,Arkansas Little Rock,2016Arkansas Little Rock,1,3.2454192638397217
2016,Chattanooga,2016Chattanooga,0,-0.03322586417198181
2016,South Dakota St,2016South Dakota St,0,1.0123077630996704
2016,Yale,2016Yale,1,3.3610217571258545
2016,Hawaii,2016Hawaii,1,0.28340351581573486
2016,Iona,2016Iona,0,-0.3468623161315918
2016,Stony Brook,2016Stony Brook,0,0.4903867244720459
2016,UNC Wilmington,2016UNC Wilmington,0,0.7442702651023865
2016,Buffalo,2016Buffalo,0,0.060874126851558685
2016,Fresno St,2016Fresno St,0,-0.08415952324867249
2016,Stephen F Austin,2016Stephen F Austin,1,0.9658297896385193
2016,Wisconsin Green Bay,2016Wisconsin Green Bay,0,-0.21389158070087433
2016,Cal St Bakersfield,2016Cal St Bakersfield,0,-0.1980561465024948
2016,Middle Tennessee St,2016Middle Tennessee St,1,0.4508475363254547
2016,UNC Asheville,2016UNC Asheville,0,0.2787891924381256
2016,Weber St,2016Weber St,0,-0.1405925154685974
2016,Austin Peay,2016Austin Peay,0,-0.09718743711709976
2016,Florida Gulf Coast,2016Florida Gulf Coast,0,-0.6557453870773315
2016,Hampton,2016Hampton,0,0.3385201096534729
2016,Holy Cross,2016Holy Cross,0,0.047462910413742065
2017,Gonzaga,2017Gonzaga,31,13.179709434509277
2017,Kansas,2017Kansas,7,18.62823486328125
2017,North Carolina,2017North Carolina,63,8.1304931640625
2017,Villanova,2017Villanova,1,15.244990348815918
2017,Arizona,2017Arizona,3,5.68873405456543
2017,Duke,2017Duke,1,4.706367015838623
2017,Kentucky,2017Kentucky,7,-0.3921889364719391
2017,Louisville,2017Louisville,1,9.88444995880127
2017,Baylor,2017Baylor,3,14.359560012817383
2017,Florida St,2017Florida St,1,1.2988187074661255
2017,Oregon,2017Oregon,15,6.190740585327148
2017,UCLA,2017UCLA,3,2.9254415035247803
2017,Butler,2017Butler,3,1.2640998363494873
2017,Florida,2017Florida,7,3.609380006790161
2017,Purdue,2017Purdue,3,5.589782238006592
2017,West Virginia,2017West Virginia,3,1.1069543361663818
2017,Iowa St,2017Iowa St,1,2.2524349689483643
2017,Minnesota,2017Minnesota,0,0.7387582659721375
2017,Notre Dame,2017Notre Dame,1,0.8003953099250793
2017,Virginia,2017Virginia,1,0.5066474080085754
2017,Cincinnati,2017Cincinnati,1,2.7568793296813965
2017,Creighton,2017Creighton,0,1.1789135932922363
2017,Maryland,2017Maryland,0,0.7104038000106812
2017,SMU,2017SMU,0,0.7952885031700134
2017,Dayton,2017Dayton,0,-0.20747628808021545
2017,Michigan,2017Michigan,3,6.140680313110352
2017,South Carolina,2017South Carolina,15,1.4743911027908325
2017,St Marys,2017St Marys,1,5.813797473907471
2017,Arkansas,2017Arkansas,1,3.6010913848876953
2017,Miami,2017Miami,0,1.371750831604004
2017,Northwestern,2017Northwestern,1,1.2800558805465698
2017,Wisconsin,2017Wisconsin,3,2.610572099685669
2017,Michigan St,2017Michigan St,1,0.8724550008773804
2017,Seton Hall,2017Seton Hall,0,0.6419932842254639
2017,Vanderbilt,2017Vanderbilt,0,1.893877387046814
2017,Virginia Tech,2017Virginia Tech,0,1.1015849113464355
2017,Marquette,2017Marquette,0,1.3844146728515625
2017,Oklahoma St,2017Oklahoma St,0,4.937022686004639
2017,VCU,2017VCU,0,0.5529676079750061
2017,Wichita St,2017Wichita St,1,-2.7643654346466064
2017,Kansas St,2017Kansas St,0,1.8648113012313843
2017,Rhode Island,2017Rhode Island,1,1.2770990133285522
2017,USC,2017USC,1,3.0605382919311523
2017,Xavier,2017Xavier,7,0.7769656181335449
2017,Middle Tennessee St,2017Middle Tennessee St,1,0.6104434728622437
2017,Nevada,2017Nevada,0,0.47280076146125793
2017,Princeton,2017Princeton,0,-0.08058138191699982
2017,UNC Wilmington,2017UNC Wilmington,0,0.5979471206665039
2017,Bucknell,2017Bucknell,0,-0.11944625526666641
2017,East Tennessee St,2017East Tennessee St,0,-0.44095075130462646
2017,Vermont,2017Vermont,0,0.7224624156951904
2017,Winthrop,2017Winthrop,0,-0.4954889416694641
2017,Florida Gulf Coast,2017Florida Gulf Coast,0,-0.3459014296531677
2017,Iona,2017Iona,0,-0.05323368310928345
2017,Kent St,2017Kent St,0,-0.3140467405319214
2017,New Mexico St,2017New Mexico St,0,-0.3040996193885803
2017,Jacksonville St,2017Jacksonville St,0,0.8677777647972107
2017,North Dakota,2017North Dakota,0,0.20973794162273407
2017,Northern Kentucky,2017Northern Kentucky,0,0.10471346974372864
2017,Troy,2017Troy,0,0.0633673369884491
2017,Mount St Marys,2017Mount St Marys,0,0.8928138017654419
2017,South Dakota St,2017South Dakota St,0,-0.2494829297065735
2017,Texas Southern,2017Texas Southern,0,1.3993213176727295
2017,UC Davis,2017UC Davis,0,-0.1675368845462799
2018,Kansas,2018Kansas,15,6.071028709411621
2018,Villanova,2018Villanova,63,27.802095413208008
2018,Virginia,2018Virginia,0,19.65226173400879
2018,Xavier,2018Xavier,1,5.83626127243042
2018,Cincinnati,2018Cincinnati,1,2.850917339324951
2018,Duke,2018Duke,7,25.9024715423584
2018,North Carolina,2018North Carolina,1,1.6951875686645508
2018,Purdue,2018Purdue,3,3.0896854400634766
2018,Michigan,2018Michigan,31,6.722233772277832
2018,Michigan St,2018Michigan St,1,13.987229347229004
2018,Tennessee,2018Tennessee,1,4.657186508178711
2018,Texas Tech,2018Texas Tech,7,2.7093122005462646
2018,Arizona,2018Arizona,0,1.9454543590545654
2018,Auburn,2018Auburn,1,2.2011682987213135
2018,Gonzaga,2018Gonzaga,3,2.252516269683838
2018,Wichita St,2018Wichita St,0,0.3109784424304962
2018,Clemson,2018Clemson,3,2.591256618499756
2018,Kentucky,2018Kentucky,3,1.7171602249145508
2018,Ohio St,2018Ohio St,1,3.457934856414795
2018,West Virginia,2018West Virginia,3,2.712824821472168
2018,Florida,2018Florida,1,0.6996695399284363
2018,Houston,2018Houston,1,1.4016921520233154
2018,Miami,2018Miami,0,0.8613402247428894
2018,TCU,2018TCU,0,0.1597895473241806
2018,Arkansas,2018Arkansas,0,-0.06030143052339554
2018,Nevada,2018Nevada,3,-0.7154402732849121
2018,Rhode Island,2018Rhode Island,1,-0.10973381996154785
2018,Texas A&M,2018Texas A&M,3,0.979517936706543
2018,Creighton,2018Creighton,0,0.11668388545513153
2018,Missouri,2018Missouri,0,0.44846993684768677
2018,Seton Hall,2018Seton Hall,1,0.42681071162223816
2018,Virginia Tech,2018Virginia Tech,0,0.02735906094312668
2018,Alabama,2018Alabama,1,0.4547155201435089
2018,Florida St,2018Florida St,7,-0.24466590583324432
2018,Kansas St,2018Kansas St,7,1.0013575553894043
2018,NC State,2018NC State,0,0.34621289372444153
2018,Butler,2018Butler,1,0.3339216113090515
2018,Oklahoma,2018Oklahoma,0,-0.36640796065330505
2018,Providence,2018Providence,0,-0.2227378487586975
2018,Texas,2018Texas,0,0.8180641531944275
2018,Loyola Chicago,2018Loyola Chicago,15,1.638489007949829
2018,San Diego St,2018San Diego St,0,-0.40982726216316223
2018,St Bonaventure,2018St Bonaventure,0,1.4102336168289185
2018,Syracuse,2018Syracuse,3,1.5490103960037231
2018,Davidson,2018Davidson,0,-0.4264604449272156
2018,Murray St,2018Murray St,0,1.483757495880127
2018,New Mexico St,2018New Mexico St,0,-0.185647115111351
2018,South Dakota St,2018South Dakota St,0,0.6008425354957581
2018,Buffalo,2018Buffalo,1,0.12305781990289688
2018,College of Charleston,2018College of Charleston,0,0.06639843434095383
2018,Marshall,2018Marshall,1,-0.09181737899780273
2018,UNC Greensboro,2018UNC Greensboro,0,0.35748448967933655
2018,Bucknell,2018Bucknell,0,-0.7666602730751038
2018,Montana,2018Montana,0,-0.21738465130329132
2018,Stephen F Austin,2018Stephen F Austin,0,0.7475923299789429
2018,Wright St,2018Wright St,0,-0.12470079958438873
2018,Cal St Fullerton,2018Cal St Fullerton,0,-0.026344114914536476
2018,Georgia St,2018Georgia St,0,0.14414873719215393
2018,Iona,2018Iona,0,-0.36330699920654297
2018,Lipscomb,2018Lipscomb,0,-0.596519947052002
2018,Pennsylvania,2018Pennsylvania,0,0.007377003785222769
2018,Radford,2018Radford,0,0.26737526059150696
2018,Texas Southern,2018Texas Southern,0,-0.22543400526046753
2018,UMBC,2018UMBC,1,0.060923513025045395
2019,Duke,2019Duke,7,7.341172218322754
2019,Gonzaga,2019Gonzaga,7,26.157873153686523
2019,North Carolina,2019North Carolina,3,6.787935256958008
2019,Virginia,2019Virginia,63,18.848962783813477
2019,Kentucky,2019Kentucky,7,14.672533988952637
2019,Michigan,2019Michigan,3,5.8468918800354
2019,Michigan St,2019Michigan St,15,8.917743682861328
2019,Tennessee,2019Tennessee,3,12.445982933044434
2019,Houston,2019Houston,3,10.26300048828125
2019,LSU,2019LSU,3,1.1651699542999268
2019,Purdue,2019Purdue,7,9.014679908752441
2019,Texas Tech,2019Texas Tech,31,5.900372505187988
2019,Florida St,2019Florida St,3,6.415825366973877
2019,Kansas,2019Kansas,1,6.118249893188477
2019,Kansas St,2019Kansas St,0,1.3477566242218018
2019,Virginia Tech,2019Virginia Tech,3,8.899938583374023
2019,Auburn,2019Auburn,15,3.5631556510925293
2019,Marquette,2019Marquette,0,0.5841862559318542
2019,Mississippi St,2019Mississippi St,0,0.2546323537826538
2019,Wisconsin,2019Wisconsin,0,0.6667115092277527
2019,Buffalo,2019Buffalo,1,3.924929618835449
2019,Iowa St,2019Iowa St,0,1.156806468963623
2019,Maryland,2019Maryland,1,2.3951685428619385
2019,Villanova,2019Villanova,1,1.7658718824386597
2019,Cincinnati,2019Cincinnati,0,2.3117196559906006
2019,Louisville,2019Louisville,0,3.0630946159362793
2019,Nevada,2019Nevada,0,1.9678493738174438
2019,Wofford,2019Wofford,1,4.342445373535156
2019,Ole Miss,2019Ole Miss,0,0.30474501848220825
2019,Syracuse,2019Syracuse,0,0.5852739214897156
2019,Utah St,2019Utah St,0,3.1054093837738037
2019,VCU,2019VCU,0,0.3678893744945526
2019,Baylor,2019Baylor,1,0.3918936252593994
2019,Central Florida,2019Central Florida,1,1.8469693660736084
2019,Oklahoma,2019Oklahoma,1,1.7484008073806763
2019,Washington,2019Washington,1,1.8539962768554688
2019,Florida,2019Florida,1,1.365085482597351
2019,Iowa,2019Iowa,1,1.548021912574768
2019,Minnesota,2019Minnesota,1,0.7289090752601624
2019,Seton Hall,2019Seton Hall,0,0.06299357116222382
2019,Arizona St,2019Arizona St,0,0.09494519978761673
2019,Belmont,2019Belmont,0,0.9913302659988403
2019,Ohio St,2019Ohio St,1,0.507989227771759
2019,St Marys,2019St Marys,0,0.6935725212097168
2019,Liberty,2019Liberty,1,0.6277582049369812
2019,Murray St,2019Murray St,1,1.4874240159988403
2019,New Mexico St,2019New Mexico St,0,-0.21452705562114716
2019,Oregon,2019Oregon,3,0.3324088156223297
2019,Northeastern,2019Northeastern,0,0.7593727111816406
2019,St Louis,2019St Louis,0,0.628451406955719
2019,UC Irvine,2019UC Irvine,1,1.0035513639450073
2019,Vermont,2019Vermont,0,1.2069910764694214
2019,Georgia St,2019Georgia St,0,0.4138142764568329
2019,Northern Kentucky,2019Northern Kentucky,0,0.13498054444789886
2019,Old Dominion,2019Old Dominion,0,0.7355400323867798
2019,Yale,2019Yale,0,0.2190704494714737
2019,Abilene Christian,2019Abilene Christian,0,0.8357370495796204
2019,Bradley,2019Bradley,0,0.27090513706207275
2019,Colgate,2019Colgate,0,-0.2668282687664032
2019,Montana,2019Montana,0,0.37658149003982544
2019,Fairleigh Dickinson,2019Fairleigh Dickinson,0,0.5494853854179382
2019,Gardner Webb,2019Gardner Webb,0,1.2398829460144043
2019,Iona,2019Iona,0,-0.3839465379714966
2019,North Dakota St,2019North Dakota St,0,0.3979286849498749
2021,Baylor,2021Baylor,63,50.366512298583984
2021,Gonzaga,2021Gonzaga,31,37.7796745300293
2021,Illinois,2021Illinois,1,5.6392502784729
2021,Michigan,2021Michigan,7,14.025293350219727
2021,Alabama,2021Alabama,3,8.944846153259277
2021,Houston,2021Houston,15,14.6639404296875
2021,Iowa,2021Iowa,1,2.2293405532836914
2021,Ohio St,2021Ohio St,0,2.4892566204071045
2021,Arkansas,2021Arkansas,7,3.6644303798675537
2021,Kansas,2021Kansas,1,3.0563440322875977
2021,Texas,2021Texas,0,2.5853326320648193
2021,West Virginia,2021West Virginia,1,0.3830419182777405
2021,Florida St,2021Florida St,3,2.0817763805389404
2021,Oklahoma St,2021Oklahoma St,1,2.7526607513427734
2021,Purdue,2021Purdue,0,2.886441707611084
2021,Virginia,2021Virginia,0,1.2940641641616821
2021,Colorado,2021Colorado,1,9.262640953063965
2021,Creighton,2021Creighton,3,2.8579800128936768
2021,Tennessee,2021Tennessee,0,1.774546504020691
2021,Villanova,2021Villanova,3,4.694562911987305
2021,BYU,2021BYU,0,4.006964206695557
2021,San Diego St,2021San Diego St,0,1.824666976928711
2021,Texas Tech,2021Texas Tech,1,4.478312015533447
2021,USC,2021USC,7,7.565124034881592
2021,Clemson,2021Clemson,0,5.320331573486328
2021,Connecticut,2021Connecticut,0,3.1467063426971436
2021,Florida,2021Florida,1,3.0588948726654053
2021,Oregon,2021Oregon,3,4.494538307189941
2021,LSU,2021LSU,1,8.159698486328125
2021,Loyola Chicago,2021Loyola Chicago,3,0.619401752948761
2021,North Carolina,2021North Carolina,0,6.700342178344727
2021,Oklahoma,2021Oklahoma,1,3.0610132217407227
2021,Georgia Tech,2021Georgia Tech,0,0.9809556603431702
2021,Missouri,2021Missouri,0,1.340570330619812
2021,St Bonaventure,2021St Bonaventure,0,0.3824814260005951
2021,Wisconsin,2021Wisconsin,1,7.577693939208984
2021,Maryland,2021Maryland,1,2.345689058303833
2021,Rutgers,2021Rutgers,1,2.5041446685791016
2021,VCU,2021VCU,0,4.571319580078125
2021,Virginia Tech,2021Virginia Tech,0,1.443131685256958
2021,Drake,2021Drake,0,1.456158995628357
2021,Syracuse,2021Syracuse,3,1.468867540359497
2021,UCLA,2021UCLA,15,4.546776294708252
2021,Utah St,2021Utah St,0,-0.9132725596427917
2021,Georgetown,2021Georgetown,0,1.4024829864501953
2021,Oregon St,2021Oregon St,7,3.7827565670013428
2021,Santa Barbara,2021Santa Barbara,0,1.5094316005706787
2021,Winthrop,2021Winthrop,0,0.5954218506813049
2021,Liberty,2021Liberty,0,-0.14021651446819305
2021,North Texas,2021North Texas,1,0.32265493273735046
2021,Ohio,2021Ohio,1,-0.2971653640270233
2021,UNC Greensboro,2021UNC Greensboro,0,0.4530388414859772
2021,Abilene Christian,2021Abilene Christian,1,1.0523868799209595
2021,Colgate,2021Colgate,0,1.2179137468338013
2021,Eastern Washington,2021Eastern Washington,0,-0.7681340575218201
2021,Morehead St,2021Morehead St,0,1.76064932346344
2021,Cleveland St,2021Cleveland St,0,-0.1358010321855545
2021,Grand Canyon,2021Grand Canyon,0,0.12568777799606323
2021,Iona,2021Iona,0,3.5240278244018555
2021,Oral Roberts,2021Oral Roberts,3,1.1085690259933472
2021,Drexel,2021Drexel,0,0.7043946385383606
2021,Hartford,2021Hartford,0,0.5984299778938293
2021,Norfolk St,2021Norfolk St,0,-0.3302862346172333
2021,Texas Southern,2021Texas Southern,0,0.0844208151102066
2022,Arizona,2022Arizona,3,6.9654741287231445
2022,Baylor,2022Baylor,1,5.509829521179199
2022,Gonzaga,2022Gonzaga,3,27.873090744018555
2022,Kansas,2022Kansas,63,7.6820526123046875
2022,Auburn,2022Auburn,1,2.469576358795166
2022,Duke,2022Duke,15,1.0040229558944702
2022,Kentucky,2022Kentucky,0,3.849233865737915
2022,Villanova,2022Villanova,15,8.137765884399414
2022,Purdue,2022Purdue,3,5.586320877075195
2022,Tennessee,2022Tennessee,1,11.941377639770508
2022,Texas Tech,2022Texas Tech,3,7.427761077880859
2022,Wisconsin,2022Wisconsin,1,1.6641485691070557
2022,Arkansas,2022Arkansas,7,1.3503583669662476
2022,Illinois,2022Illinois,1,2.6636557579040527
2022,Providence,2022Providence,3,1.5609709024429321
2022,UCLA,2022UCLA,3,6.004186630249023
2022,Connecticut,2022Connecticut,0,1.2171417474746704
2022,Houston,2022Houston,7,20.143369674682617
2022,Iowa,2022Iowa,0,2.5344972610473633
2022,St Marys,2022St Marys,1,5.695896625518799
2022,Alabama,2022Alabama,0,-0.020286818966269493
2022,Colorado St,2022Colorado St,0,1.162422776222229
2022,LSU,2022LSU,0,3.0844297409057617
2022,Texas,2022Texas,1,1.3791805505752563
2022,Michigan St,2022Michigan St,1,0.24049553275108337
2022,Murray St,2022Murray St,1,1.9816179275512695
2022,Ohio St,2022Ohio St,1,1.0057917833328247
2022,USC,2022USC,0,1.440782904624939
2022,Boise St,2022Boise St,0,0.02041415311396122
2022,North Carolina,2022North Carolina,31,1.111013412475586
2022,San Diego St,2022San Diego St,0,5.194922924041748
2022,Seton Hall,2022Seton Hall,0,0.6937656402587891
2022,Creighton,2022Creighton,1,1.5583387613296509
2022,Marquette,2022Marquette,0,0.4292633831501007
2022,Memphis,2022Memphis,1,0.6815652251243591
2022,TCU,2022TCU,1,0.24886395037174225
2022,Davidson,2022Davidson,0,0.1875583380460739
2022,Loyola Chicago,2022Loyola Chicago,0,1.1509394645690918
2022,Miami,2022Miami,7,0.660397469997406
2022,San Francisco,2022San Francisco,0,1.3797930479049683
2022,Iowa St,2022Iowa St,3,1.4567011594772339
2022,Michigan,2022Michigan,3,0.7597623467445374
2022,Notre Dame,2022Notre Dame,1,0.6559447646141052
2022,Rutgers,2022Rutgers,0,1.1341042518615723
2022,Virginia Tech,2022Virginia Tech,0,0.2329309731721878
2022,Indiana,2022Indiana,0,-0.5605390071868896
2022,New Mexico St,2022New Mexico St,1,-0.10232590138912201
2022,Richmond,2022Richmond,1,0.18527375161647797
2022,UAB,2022UAB,0,0.021582448855042458
2022,Wyoming,2022Wyoming,0,0.30377477407455444
2022,Akron,2022Akron,0,0.5971197485923767
2022,Chattanooga,2022Chattanooga,0,0.8297820091247559
2022,South Dakota St,2022South Dakota St,0,0.1188959926366806
2022,Vermont,2022Vermont,0,-0.7115039229393005
2022,Colgate,2022Colgate,0,-0.0311813373118639
2022,Longwood,2022Longwood,0,0.3407593369483948
2022,Montana St,2022Montana St,0,-0.21837295591831207
2022,Yale,2022Yale,0,0.30547136068344116
2022,Cal St Fullerton,2022Cal St Fullerton,0,0.2458048015832901
2022,Delaware,2022Delaware,0,0.3030237853527069
2022,Jacksonville St,2022Jacksonville St,0,-0.1772581785917282
2022,St Peters,2022St Peters,7,0.6065402626991272
2022,Bryant,2022Bryant,0,0.31409597396850586
2022,Georgia St,2022Georgia St,0,0.825372040271759
2022,Norfolk St,2022Norfolk St,0,0.7643490433692932
2022,Texas A&M Corpus Chris,2022Texas A&M Corpus Chris,0,-0.24643757939338684
2022,Texas Southern,2022Texas Southern,0,0.0136408731341362
2022,Wright St,2022Wright St,0,0.15861132740974426
2023,Alabama,2023Alabama,3,13.24112319946289
2023,Houston,2023Houston,3,1.282348394393921
2023,Kansas,2023Kansas,1,8.164061546325684
2023,Purdue,2023Purdue,0,18.270471572875977
2023,Arizona,2023Arizona,0,4.575615406036377
2023,Marquette,2023Marquette,1,1.8061954975128174
2023,Texas,2023Texas,7,4.47276496887207
2023,UCLA,2023UCLA,3,4.586676120758057
2023,Baylor,2023Baylor,1,1.0432571172714233
2023,Gonzaga,2023Gonzaga,7,10.957825660705566
2023,Kansas St.,2023Kansas St.,7,3.361255168914795
2023,Xavier,2023Xavier,3,1.148232340812683
2023,Connecticut,2023Connecticut,63,8.603745460510254
2023,Indiana,2023Indiana,1,1.2713623046875
2023,Tennessee,2023Tennessee,3,1.0122857093811035
2023,Virginia,2023Virginia,0,0.4633670449256897
2023,Duke,2023Duke,1,2.022839307785034
2023,Miami FL,2023Miami FL,15,2.206350803375244
2023,Saint Mary's,2023Saint Mary's,1,5.267136096954346
2023,San Diego St.,2023San Diego St.,31,3.601468086242676
2023,Creighton,2023Creighton,7,4.2277116775512695
2023,Iowa St.,2023Iowa St.,0,0.6055424809455872
2023,Kentucky,2023Kentucky,1,0.5500661730766296
2023,TCU,2023TCU,1,0.6053421497344971
2023,Michigan St.,2023Michigan St.,3,1.9900621175765991
2023,Missouri,2023Missouri,1,3.3418359756469727
2023,Northwestern,2023Northwestern,1,0.5429395437240601
2023,Texas A&M,2023Texas A&M,0,1.0332697629928589
2023,Arkansas,2023Arkansas,3,2.151299476623535
2023,Iowa,2023Iowa,0,-0.23065385222434998
2023,Maryland,2023Maryland,1,1.1559467315673828
2023,Memphis,2023Memphis,0,0.5842414498329163
2023,Auburn,2023Auburn,1,2.170776844024658
2023,Florida Atlantic,2023Florida Atlantic,15,2.721764326095581
2023,Illinois,2023Illinois,0,1.1344902515411377
2023,West Virginia,2023West Virginia,0,0.25528278946876526
2023,Boise St.,2023Boise St.,0,1.0011931657791138
2023,Penn St.,2023Penn St.,1,2.3349146842956543
2023,USC,2023USC,0,0.8102542161941528
2023,Utah St.,2023Utah St.,0,0.864661455154419
2023,Arizona St.,2023Arizona St.,0,0.8779150247573853
2023,Mississippi St.,2023Mississippi St.,0,-0.20269355177879333
2023,N.C. State,2023N.C. State,0,0.49560242891311646
2023,Nevada,2023Nevada,0,0.2004155069589615
2023,Pittsburgh,2023Pittsburgh,1,0.7371976971626282
2023,Providence,2023Providence,0,0.2965664863586426
2023,Charleston,2023Charleston,0,-0.15604138374328613
2023,Drake,2023Drake,0,1.1968629360198975
2023,Oral Roberts,2023Oral Roberts,0,1.5971381664276123
2023,VCU,2023VCU,0,1.6125657558441162
2023,Furman,2023Furman,1,0.18494828045368195
2023,Iona,2023Iona,0,0.28419336676597595
2023,Kent St.,2023Kent St.,0,-0.04760807007551193
2023,Louisiana,2023Louisiana,0,1.0122320652008057
2023,Grand Canyon,2023Grand Canyon,0,1.5548961162567139
2023,Kennesaw St.,2023Kennesaw St.,0,0.10324714332818985
2023,Montana St.,2023Montana St.,0,0.191046804189682
2023,UC Santa Barbara,2023UC Santa Barbara,0,0.44898852705955505
2023,Colgate,2023Colgate,0,1.2542513608932495
2023,Princeton,2023Princeton,3,0.6544782519340515
2023,Vermont,2023Vermont,0,-0.14321362972259521
2023,Fairleigh Dickinson,2023Fairleigh Dickinson,1,0.5769932270050049
2023,Howard,2023Howard,0,0.029094116762280464
2023,Northern Kentucky,2023Northern Kentucky,0,0.18787705898284912
2023,Southeast Missouri St. ,2023Southeast Missouri St. ,0,-0.1031341552734375
2023,Texas A&M Corpus Chris ,2023Texas A&M Corpus Chris ,0,-0.5884692668914795
2023,Texas Southern,2023Texas Southern,0,0.011291755363345146
2023,UNC Asheville,2023UNC Asheville,0,-0.04485446959733963
2024,Connecticut,2024Connecticut,63,43.95906448364258
2024,Houston,2024Houston,3,23.607635498046875
2024,N Carolina,2024N Carolina,3,0.430189311504364
2024,Purdue,2024Purdue,31,17.468618392944336
2024,Arizona,2024Arizona,3,0.6102034449577332
2024,Iowa St,2024Iowa St,3,3.8453965187072754
2024,Marquette,2024Marquette,3,4.5209574699401855
2024,Tennessee,2024Tennessee,7,3.3521358966827393
2024,Baylor,2024Baylor,1,1.3330707550048828
2024,Creighton,2024Creighton,3,5.34947395324707
2024,Illinois,2024Illinois,7,1.7280744314193726
2024,Kentucky,2024Kentucky,0,-0.9313982129096985
2024,Alabama,2024Alabama,15,1.4325026273727417
2024,Auburn,2024Auburn,0,5.429408073425293
2024,Duke,2024Duke,7,6.832983493804932
2024,Kansas,2024Kansas,1,2.7577314376831055
2024,Gonzaga,2024Gonzaga,3,0.7756694555282593
2024,San Diego St,2024San Diego St,3,2.6708498001098633
2024,St Marys,2024St Marys,0,0.7014439105987549
2024,Wisconsin,2024Wisconsin,0,0.7732529044151306
2024,BYU,2024BYU,0,-0.10004746913909912
2024,Clemson,2024Clemson,7,0.08845014870166779
2024,S Carolina,2024S Carolina,0,1.8552197217941284
2024,Texas Tech,2024Texas Tech,0,1.8100061416625977
2024,Dayton,2024Dayton,1,2.7137060165405273
2024,Florida,2024Florida,0,0.2431917041540146
2024,Texas,2024Texas,1,0.9459151029586792
2024,Washington St,2024Washington St,1,0.717013418674469
2024,Fla Atlantic,2024Fla Atlantic,0,0.10355785489082336
2024,Mississippi St,2024Mississippi St,0,0.7997791767120361
2024,Nebraska,2024Nebraska,0,0.4443030059337616
2024,Utah St,2024Utah St,1,1.2319416999816895
2024,Michigan St,2024Michigan St,1,1.5629347562789917
2024,Northwestern,2024Northwestern,1,2.177975654602051
2024,TCU,2024TCU,0,-0.16653473675251007
2024,Texas A&M,2024Texas A&M,1,8.654821395874023
2024,Boise St,2024Boise St,0,0.6422336101531982
2024,Colorado,2024Colorado,1,1.0410890579223633
2024,Colorado St,2024Colorado St,0,0.35095924139022827
2024,Drake,2024Drake,0,0.24693042039871216
2024,Nevada,2024Nevada,0,1.70908522605896
2024,Virginia,2024Virginia,0,2.4976887702941895
2024,Duquesne,2024Duquesne,1,0.4957010746002197
2024,NC State,2024NC State,15,0.11736784875392914
2024,New Mexico,2024New Mexico,0,0.2257215678691864
2024,Oregon,2024Oregon,1,0.5859308838844299
2024,Grd Canyon,2024Grd Canyon,1,0.46472039818763733
2024,James Madison,2024James Madison,1,0.4920176863670349
2024,McNeese,2024McNeese,0,0.8562924861907959
2024,UAB,2024UAB,0,1.1655960083007812
2024,Charleston,2024Charleston,0,0.43674248456954956
2024,Samford,2024Samford,0,0.25798001885414124
2024,Vermont,2024Vermont,0,1.8817951679229736
2024,Yale,2024Yale,1,-0.09705939143896103
2024,Akron,2024Akron,0,-0.09247775375843048
2024,Colgate,2024Colgate,0,1.4704642295837402
2024,Morehead St,2024Morehead St,0,0.4675409495830536
2024,Oakland,2024Oakland,1,1.1396116018295288
2024,Long Beach St,2024Long Beach St,0,-0.391375869512558
2024,S Dakota St,2024S Dakota St,0,-0.3703511655330658
2024,St Peters,2024St Peters,0,0.2463923692703247
2024,Western KY,2024Western KY,0,-0.05816415697336197
2024,Grambling,2024Grambling,0,1.3118078708648682
2024,Howard,2024Howard,0,-0.06916245818138123
2024,Longwood,2024Longwood,0,-0.4200746715068817
2024,Montana St,2024Montana St,0,0.43499431014060974
2024,Stetson,2024Stetson,0,0.030856933444738388
2024,Wagner,2024Wagner,0,-0.48353588581085205
2025,Auburn,2025Auburn,15,44.29352951049805
2025,Duke,2025Duke,15,51.829620361328125
2025,Florida,2025Florida,63,54.56928634643555
2025,Houston,2025Houston,31,27.690183639526367
2025,Alabama,2025Alabama,7,16.7188777923584
2025,Michigan St,2025Michigan St,7,8.698450088500977
2025,St Johns,2025St Johns,1,3.5634427070617676
2025,Tennessee,2025Tennessee,7,11.995370864868164
2025,Iowa St,2025Iowa St,1,5.227715015411377
2025,Kentucky,2025Kentucky,3,5.067086219787598
2025,Texas Tech,2025Texas Tech,7,8.304241180419922
2025,Wisconsin,2025Wisconsin,1,8.01196575164795
2025,Arizona,2025Arizona,3,5.6702961921691895
2025,Maryland,2025Maryland,3,2.7643966674804688
2025,Purdue,2025Purdue,3,7.230218887329102
2025,Texas A&M,2025Texas A&M,1,5.20570182800293
2025,Clemson,2025Clemson,0,3.484914779663086
2025,Memphis,2025Memphis,0,0.1401592642068863
2025,Michigan,2025Michigan,3,7.458408355712891
2025,Oregon,2025Oregon,1,5.727982997894287
2025,BYU,2025BYU,3,7.837279319763184
2025,Illinois,2025Illinois,1,5.471826553344727
2025,Mississippi,2025Mississippi,3,3.97173810005188
2025,Missouri,2025Missouri,0,2.451418161392212
2025,Kansas,2025Kansas,0,3.0719361305236816
2025,Marquette,2025Marquette,0,1.7278250455856323
2025,St Marys,2025St Marys,1,4.687221527099609
2025,UCLA,2025UCLA,1,2.644068479537964
2025,Connecticut,2025Connecticut,1,1.9176955223083496
2025,Gonzaga,2025Gonzaga,1,3.0213541984558105
2025,Louisville,2025Louisville,0,5.098153114318848
2025,Mississippi St,2025Mississippi St,0,1.0517481565475464
2025,Baylor,2025Baylor,1,1.6928863525390625
2025,Creighton,2025Creighton,1,3.9437968730926514
2025,Georgia,2025Georgia,0,0.6328741312026978
2025,Oklahoma,2025Oklahoma,0,1.6917182207107544
2025,Arkansas,2025Arkansas,3,2.1365346908569336
2025,New Mexico,2025New Mexico,1,1.96100652217865
2025,Utah St,2025Utah St,0,0.8639466762542725
2025,Vanderbilt,2025Vanderbilt,0,1.4955682754516602
2025,Drake,2025Drake,1,-0.31096363067626953
2025,N Carolina,2025N Carolina,0,1.0706796646118164
2025,San Diego St,2025San Diego St,0,1.0684369802474976
2025,Texas,2025Texas,0,0.788735032081604
2025,VCU,2025VCU,0,-0.11782104521989822
2025,Xavier,2025Xavier,0,1.5258015394210815
2025,Colorado St,2025Colorado St,1,1.6039913892745972
2025,Liberty,2025Liberty,0,2.108778715133667
2025,McNeese,2025McNeese,1,-0.038540069013834
2025,UC San Diego,2025UC San Diego,0,1.9064886569976807
2025,Akron,2025Akron,0,1.0925794839859009
2025,Grd Canyon,2025Grd Canyon,0,0.35009798407554626
2025,High Point,2025High Point,0,0.3029012084007263
2025,Yale,2025Yale,0,-0.23936492204666138
2025,Lipscomb,2025Lipscomb,0,1.4811357259750366
2025,Montana,2025Montana,0,0.30479374527931213
2025,Troy,2025Troy,0,-0.5107633471488953
2025,UNC Wilmington,2025UNC Wilmington,0,0.6740396618843079
2025,Bryant,2025Bryant,0,-0.07185197621583939
2025,Omaha,2025Omaha,0,0.26102787256240845
2025,Robert Morris,2025Robert Morris,0,0.015100683085620403
2025,Wofford,2025Wofford,0,-0.18909744918346405
2025,Alabama St,2025Alabama St,0,1.5065805912017822
2025,American,2025American,0,-0.06391570717096329
2025,Mount St Marys,2025Mount St Marys,0,0.011310145258903503
2025,Norfolk St,2025Norfolk St,0,1.7317143678665161
2025,SIUE,2025SIUE,0,0.5213677883148193
2025,St Francis PA,2025St Francis PA,0,0.04360348731279373
