year,team,year_team,First_Rd,probability,prediction
2011,Duke,2011Duke,1,0.9563147311947635,1
2011,Kansas,2011Kansas,1,0.9588626696648619,1
2011,Ohio St,2011Ohio St,1,0.9863912337843669,1
2011,Pittsburgh,2011Pittsburgh,1,0.8704483515790348,1
2011,Florida,2011Florida,1,0.8480862961002991,1
2011,North Carolina,2011North Carolina,1,0.8945182683642621,1
2011,Notre Dame,2011Notre Dame,1,0.8714863840141276,1
2011,San Diego St,2011San Diego St,1,0.9490474730511727,1
2011,BYU,2011BYU,1,0.8810704740351816,1
2011,Connecticut,2011Connecticut,1,0.9385353480464264,1
2011,Purdue,2011Purdue,1,0.8991439609064754,1
2011,Syracuse,2011Syracuse,1,0.8794212905978034,1
2011,Kentucky,2011Kentucky,1,0.8249309473050503,1
2011,Louisville,2011Louisville,0,0.7893887577704752,1
2011,Texas,2011Texas,1,0.8239174326293202,1
2011,Wisconsin,2011Wisconsin,1,0.8971751857476139,1
2011,Arizona,2011Arizona,1,0.8199265366225623,1
2011,Kansas St,2011Kansas St,1,0.6046572520267779,1
2011,Vanderbilt,2011Vanderbilt,0,0.4019377809814046,0
2011,West Virginia,2011West Virginia,1,0.736001599221486,1
2011,Cincinnati,2011Cincinnati,1,0.790101403180355,1
2011,Georgetown,2011Georgetown,0,0.7396707403775621,1
2011,St Johns,2011St Johns,0,0.6860434303093264,1
2011,Xavier,2011Xavier,0,0.514844652884689,1
2011,Temple,2011Temple,1,0.5829684407029834,1
2011,Texas A&M,2011Texas A&M,0,0.5302238860187293,1
2011,UCLA,2011UCLA,1,0.46683213631116494,0
2011,Washington,2011Washington,1,0.5264776105400458,1
2011,Butler,2011Butler,1,0.5227970531559704,1
2011,George Mason,2011George Mason,1,0.646711883936312,1
2011,Michigan,2011Michigan,1,0.5798727209883917,1
2011,UNLV,2011UNLV,0,0.634446445315082,1
2011,Illinois,2011Illinois,1,0.6113457211005776,1
2011,Old Dominion,2011Old Dominion,0,0.4798775759278539,0
2011,Tennessee,2011Tennessee,0,0.2913729224139666,0
2011,Villanova,2011Villanova,0,0.4371840677140602,0
2011,Florida St,2011Florida St,1,0.4843519956580218,0
2011,Georgia,2011Georgia,0,0.3337750078753752,0
2011,Michigan St,2011Michigan St,0,0.4363571397439294,0
2011,Penn St,2011Penn St,0,0.5499008442220197,1
2011,Gonzaga,2011Gonzaga,1,0.41594456038857797,0
2011,Marquette,2011Marquette,1,0.47735383421208244,0
2011,Missouri,2011Missouri,0,0.5648432944702503,1
2011,VCU,2011VCU,1,0.4950962748224328,0
2011,Clemson,2011Clemson,0,0.41209308464852384,0
2011,Memphis,2011Memphis,0,0.33192638012360537,0
2011,Richmond,2011Richmond,1,0.668105581637851,1
2011,Utah St,2011Utah St,0,0.6439171803557977,1
2011,Belmont,2011Belmont,0,0.5601731023308283,1
2011,Morehead St,2011Morehead St,1,0.09146450169499248,0
2011,Oakland,2011Oakland,0,0.3043867421246545,0
2011,Princeton,2011Princeton,0,0.316576022723039,0
2011,Bucknell,2011Bucknell,0,0.1313449404430755,0
2011,Indiana St,2011Indiana St,0,0.10526834782000886,0
2011,St Peters,2011St Peters,0,0.09369853007820052,0
2011,Wofford,2011Wofford,0,0.10476966787892351,0
2011,Akron,2011Akron,0,0.09636611483339755,0
2011,Long Island Brooklyn,2011Long Island Brooklyn,0,0.09688675622362872,0
2011,Northern Colorado,2011Northern Colorado,0,0.04108565447049884,0
2011,Santa Barbara,2011Santa Barbara,0,0.04090422079254471,0
2011,Boston University,2011Boston University,0,0.023254615369251736,0
2011,Hampton,2011Hampton,0,0.022012085526832825,0
2011,Texas San Antonio,2011Texas San Antonio,0,0.013682049100827794,0
2011,UNC Asheville,2011UNC Asheville,0,0.048200950294403445,0
2012,Kentucky,2012Kentucky,1,0.9842036330653243,1
2012,Michigan St,2012Michigan St,1,0.8953034069390524,1
2012,North Carolina,2012North Carolina,1,0.8932965146306007,1
2012,Syracuse,2012Syracuse,1,0.9737257410715711,1
2012,Duke,2012Duke,0,0.8239101089062523,1
2012,Kansas,2012Kansas,1,0.9334209938892579,1
2012,Missouri,2012Missouri,0,0.9413242070904937,1
2012,Ohio St,2012Ohio St,1,0.9382739495323621,1
2012,Baylor,2012Baylor,1,0.8826074317022472,1
2012,Florida St,2012Florida St,1,0.6225469987941274,1
2012,Georgetown,2012Georgetown,1,0.7213588997485629,1
2012,Marquette,2012Marquette,1,0.8434763053416847,1
2012,Indiana,2012Indiana,1,0.7821639729352345,1
2012,Louisville,2012Louisville,1,0.8333747017026762,1
2012,Michigan,2012Michigan,0,0.7896133498998763,1
2012,Wisconsin,2012Wisconsin,1,0.8760115687368956,1
2012,New Mexico,2012New Mexico,1,0.5336238375060826,1
2012,Temple,2012Temple,0,0.6295458609781582,1
2012,Vanderbilt,2012Vanderbilt,1,0.6653874251326378,1
2012,Wichita St,2012Wichita St,0,0.7178336899550362,1
2012,Cincinnati,2012Cincinnati,1,0.6801524042249837,1
2012,Murray St,2012Murray St,1,0.5120270038375468,1
2012,San Diego St,2012San Diego St,0,0.3153324075510615,0
2012,UNLV,2012UNLV,0,0.3752616273502282,0
2012,Florida,2012Florida,1,0.7627809172772277,1
2012,Gonzaga,2012Gonzaga,1,0.5154392602742036,1
2012,Notre Dame,2012Notre Dame,0,0.5613302247204013,1
2012,St Marys,2012St Marys,0,0.4907203056277977,0
2012,Creighton,2012Creighton,1,0.6015472961212887,1
2012,Iowa St,2012Iowa St,1,0.4695043172463415,0
2012,Kansas St,2012Kansas St,1,0.5093527568059448,1
2012,Memphis,2012Memphis,0,0.6410766656819169,1
2012,Alabama,2012Alabama,0,0.4297524287682875,0
2012,Connecticut,2012Connecticut,0,0.36481408996625686,0
2012,Southern Mississippi,2012Southern Mississippi,0,0.3092478169670245,0
2012,St Louis,2012St Louis,1,0.7019938489002133,1
2012,Purdue,2012Purdue,1,0.5105850452645355,1
2012,Virginia,2012Virginia,0,0.4222677020257968,0
2012,West Virginia,2012West Virginia,0,0.3949134041443644,0
2012,Xavier,2012Xavier,1,0.3546099691663853,0
2012,Colorado,2012Colorado,1,0.24072646403432307,0
2012,Colorado St,2012Colorado St,0,0.1964941902508925,0
2012,NC State,2012NC State,1,0.3893369254160187,0
2012,Texas,2012Texas,0,0.34106656714157196,0
2012,Harvard,2012Harvard,0,0.400823698972155,0
2012,Long Beach St,2012Long Beach St,0,0.3362685827478798,0
2012,South Florida,2012South Florida,1,0.513856928322478,1
2012,VCU,2012VCU,1,0.46145795970747755,0
2012,Davidson,2012Davidson,0,0.13596851121622636,0
2012,Montana,2012Montana,0,0.16128956377635958,0
2012,New Mexico St,2012New Mexico St,0,0.13290937122307195,0
2012,Ohio,2012Ohio,1,0.32830086025439104,0
2012,BYU,2012BYU,0,0.23275421150582765,0
2012,Belmont,2012Belmont,0,0.4600944754021729,0
2012,South Dakota St,2012South Dakota St,0,0.2769612238876382,0
2012,St Bonaventure,2012St Bonaventure,0,0.20662648089270452,0
2012,Detroit,2012Detroit,0,0.07446613190858836,0
2012,Lehigh,2012Lehigh,1,0.10307708855634568,0
2012,Loyola Maryland,2012Loyola Maryland,0,0.16178047439657772,0
2012,Norfolk St,2012Norfolk St,1,0.07088391700079462,0
2012,Long Island Brooklyn,2012Long Island Brooklyn,0,0.07740611503124932,0
2012,UNC Asheville,2012UNC Asheville,0,0.07858055232077947,0
2012,Vermont,2012Vermont,0,0.04651586933616587,0
2012,Western Kentucky,2012Western Kentucky,0,0.028727211012975543,0
2013,Gonzaga,2013Gonzaga,1,0.9427572647993587,1
2013,Indiana,2013Indiana,1,0.9384464899300188,1
2013,Kansas,2013Kansas,1,0.8901734252391045,1
2013,Louisville,2013Louisville,1,0.9866734861589821,1
2013,Duke,2013Duke,1,0.9684590333892292,1
2013,Georgetown,2013Georgetown,0,0.8766637275423278,1
2013,Miami,2013Miami,1,0.8772284018622949,1
2013,Ohio St,2013Ohio St,1,0.9217107818028273,1
2013,Florida,2013Florida,1,0.9403681031004724,1
2013,Marquette,2013Marquette,1,0.8551698939774438,1
2013,Michigan St,2013Michigan St,1,0.9019754216430389,1
2013,New Mexico,2013New Mexico,0,0.7801411636395128,1
2013,Kansas St,2013Kansas St,0,0.8536500526083262,1
2013,Michigan,2013Michigan,1,0.9559220238934159,1
2013,St Louis,2013St Louis,1,0.7145480318137714,1
2013,Syracuse,2013Syracuse,1,0.9345250031578949,1
2013,Oklahoma St,2013Oklahoma St,0,0.6174836123818012,1
2013,UNLV,2013UNLV,0,0.40786336902685866,0
2013,VCU,2013VCU,1,0.8361958484158024,1
2013,Wisconsin,2013Wisconsin,0,0.8324621807852349,1
2013,Arizona,2013Arizona,1,0.7422600147125766,1
2013,Butler,2013Butler,1,0.6323956655096484,1
2013,Memphis,2013Memphis,1,0.6678807790988759,1
2013,UCLA,2013UCLA,0,0.7708950804901514,1
2013,Creighton,2013Creighton,1,0.6989617380987243,1
2013,Illinois,2013Illinois,1,0.6873133897176328,1
2013,Notre Dame,2013Notre Dame,0,0.746362007294686,1
2013,San Diego St,2013San Diego St,1,0.46338901756376677,0
2013,Colorado St,2013Colorado St,1,0.5772725256484779,1
2013,NC State,2013NC State,0,0.5653165325347731,1
2013,North Carolina,2013North Carolina,1,0.7774382820204159,1
2013,Pittsburgh,2013Pittsburgh,0,0.808918337249594,1
2013,Missouri,2013Missouri,0,0.5052695268330412,1
2013,Temple,2013Temple,1,0.48479663970806575,0
2013,Villanova,2013Villanova,0,0.2960557258075979,0
2013,Wichita St,2013Wichita St,1,0.6654635100740162,1
2013,Cincinnati,2013Cincinnati,0,0.4780855149164239,0
2013,Colorado,2013Colorado,0,0.5854527474764708,1
2013,Iowa St,2013Iowa St,1,0.4612209950354637,0
2013,Oklahoma,2013Oklahoma,0,0.45420984211273546,0
2013,Belmont,2013Belmont,0,0.49251767781693684,0
2013,Bucknell,2013Bucknell,0,0.2140689555619034,0
2013,Minnesota,2013Minnesota,1,0.6358955946731533,1
2013,St Marys,2013St Marys,0,0.632212244835085,1
2013,Akron,2013Akron,0,0.4199852039709281,0
2013,California,2013California,1,0.5373829105979246,1
2013,Ole Miss,2013Ole Miss,1,0.5367368796834112,1
2013,Oregon,2013Oregon,1,0.6874510666089777,1
2013,La Salle,2013La Salle,1,0.7310474090006552,1
2013,Montana,2013Montana,0,0.1948464746136972,0
2013,New Mexico St,2013New Mexico St,0,0.1751132117517876,0
2013,South Dakota St,2013South Dakota St,0,0.11077844537654083,0
2013,Davidson,2013Davidson,0,0.1692180767409295,0
2013,Harvard,2013Harvard,1,0.1601070765950654,0
2013,Northwestern St,2013Northwestern St,0,0.10651890462623366,0
2013,Valparaiso,2013Valparaiso,0,0.1960113248765981,0
2013,Albany,2013Albany,0,0.0566281059578574,0
2013,Florida Gulf Coast,2013Florida Gulf Coast,1,0.1454211310332971,0
2013,Iona,2013Iona,0,0.06106358067870506,0
2013,Pacific,2013Pacific,0,0.11577917760983779,0
2013,James Madison,2013James Madison,0,0.04193870981159074,0
2013,North Carolina A&T,2013North Carolina A&T,0,0.007900327551050055,0
2013,Southern,2013Southern,0,0.01613281072638881,0
2013,Western Kentucky,2013Western Kentucky,0,0.026207219402641483,0
2014,Arizona,2014Arizona,1,0.9591579146806771,1
2014,Florida,2014Florida,1,0.9661906727620173,1
2014,Virginia,2014Virginia,1,0.9012278865711613,1
2014,Wichita St,2014Wichita St,1,0.7601017053944322,1
2014,Kansas,2014Kansas,1,0.644269234437716,1
2014,Michigan,2014Michigan,1,0.912519428443954,1
2014,Villanova,2014Villanova,1,0.843870516227183,1
2014,Wisconsin,2014Wisconsin,1,0.9124270177336815,1
2014,Creighton,2014Creighton,1,0.6744687048074637,1
2014,Duke,2014Duke,0,0.8542920956661999,1
2014,Iowa St,2014Iowa St,1,0.8155547606683716,1
2014,Syracuse,2014Syracuse,1,0.8029624969243107,1
2014,Louisville,2014Louisville,1,0.9440934235024202,1
2014,Michigan St,2014Michigan St,1,0.7778995169739723,1
2014,San Diego St,2014San Diego St,1,0.8542995268697086,1
2014,UCLA,2014UCLA,1,0.7188831229977766,1
2014,Cincinnati,2014Cincinnati,0,0.7527906844428847,1
2014,Oklahoma,2014Oklahoma,0,0.5198317424363409,1
2014,St Louis,2014St Louis,1,0.6470499132500634,1
2014,VCU,2014VCU,0,0.7244733138137038,1
2014,Baylor,2014Baylor,1,0.6514518779352934,1
2014,Massachusetts,2014Massachusetts,0,0.5842272687626512,1
2014,North Carolina,2014North Carolina,1,0.6453338284068337,1
2014,Ohio St,2014Ohio St,0,0.7327827786900868,1
2014,Connecticut,2014Connecticut,1,0.8996549986157955,1
2014,New Mexico,2014New Mexico,0,0.44087223274161136,0
2014,Oregon,2014Oregon,1,0.5417847093141975,1
2014,Texas,2014Texas,1,0.5631688152054085,1
2014,Colorado,2014Colorado,0,0.4344241550569712,0
2014,Gonzaga,2014Gonzaga,1,0.6497734052365117,1
2014,Kentucky,2014Kentucky,1,0.6934276160822807,1
2014,Memphis,2014Memphis,1,0.6820082923358883,1
2014,George Washington,2014George Washington,0,0.4914767210332384,0
2014,Kansas St,2014Kansas St,0,0.40715223224762886,0
2014,Oklahoma St,2014Oklahoma St,0,0.4214320309380212,0
2014,Pittsburgh,2014Pittsburgh,1,0.6594250557585053,1
2014,Arizona St,2014Arizona St,0,0.4022960361059429,0
2014,BYU,2014BYU,0,0.27094684506236216,0
2014,St Josephs,2014St Josephs,0,0.42834315798172273,0
2014,Stanford,2014Stanford,1,0.43576858911245314,0
2014,Dayton,2014Dayton,1,0.4079090808858748,0
2014,Nebraska,2014Nebraska,0,0.41360492187179676,0
2014,Providence,2014Providence,0,0.5116016871316874,1
2014,Tennessee,2014Tennessee,1,0.61150898484628,1
2014,Harvard,2014Harvard,1,0.533060508284444,1
2014,NC State,2014NC State,0,0.5278332551392642,1
2014,North Dakota St,2014North Dakota St,1,0.2721141491260701,0
2014,Stephen F Austin,2014Stephen F Austin,1,0.2597825282508018,0
2014,Delaware,2014Delaware,0,0.14866887169470488,0
2014,Manhattan,2014Manhattan,0,0.13080080446264808,0
2014,New Mexico St,2014New Mexico St,0,0.1150668263630861,0
2014,Tulsa,2014Tulsa,0,0.07003176017418658,0
2014,Louisiana Lafayette,2014Louisiana Lafayette,0,0.0940445879914706,0
2014,Mercer,2014Mercer,1,0.10764684176192083,0
2014,North Carolina Central,2014North Carolina Central,0,0.10470563126619697,0
2014,Western Michigan,2014Western Michigan,0,0.07320320424683485,0
2014,American,2014American,0,0.050890683730731405,0
2014,Eastern Kentucky,2014Eastern Kentucky,0,0.05209996633871712,0
2014,Wisconsin Milwaukee,2014Wisconsin Milwaukee,0,0.07461059813061954,0
2014,Wofford,2014Wofford,0,0.020949796549908865,0
2014,Albany,2014Albany,0,0.011482937442437042,0
2014,Cal Poly,2014Cal Poly,0,0.015216294368688816,0
2014,Coastal Carolina,2014Coastal Carolina,0,0.005639694784055317,0
2014,Weber St,2014Weber St,0,0.008751995850044878,0
2015,Duke,2015Duke,1,0.9900104463381816,1
2015,Kentucky,2015Kentucky,1,0.9941760404478631,1
2015,Villanova,2015Villanova,1,0.9733654904166039,1
2015,Wisconsin,2015Wisconsin,1,0.9792355329846557,1
2015,Arizona,2015Arizona,1,0.9418145169785247,1
2015,Gonzaga,2015Gonzaga,1,0.9100816738862844,1
2015,Kansas,2015Kansas,1,0.9155343491079161,1
2015,Virginia,2015Virginia,1,0.9540224020104208,1
2015,Baylor,2015Baylor,0,0.7865941361508411,1
2015,Iowa St,2015Iowa St,0,0.773560047655852,1
2015,Notre Dame,2015Notre Dame,1,0.9373568480521817,1
2015,Oklahoma,2015Oklahoma,1,0.754350117798291,1
2015,Georgetown,2015Georgetown,1,0.5916018729900109,1
2015,Louisville,2015Louisville,1,0.8259885152421199,1
2015,Maryland,2015Maryland,1,0.6941572944776464,1
2015,N Carolina,2015N Carolina,1,0.8247092007302531,1
2015,Arkansas,2015Arkansas,1,0.7003516631348427,1
2015,Northern Iowa,2015Northern Iowa,1,0.6951427384077415,1
2015,Utah,2015Utah,1,0.8259703241650166,1
2015,West Virginia,2015West Virginia,1,0.8442658224879616,1
2015,Butler,2015Butler,1,0.6291393261641056,1
2015,Providence,2015Providence,0,0.6103942975045177,1
2015,SMU,2015SMU,0,0.44495843358331255,0
2015,Xavier,2015Xavier,1,0.4597736161226457,0
2015,Iowa,2015Iowa,1,0.631049178167156,1
2015,Michigan St,2015Michigan St,1,0.7260308503127655,1
2015,VCU,2015VCU,0,0.6559007078206853,1
2015,Wichita St,2015Wichita St,1,0.8008222130175476,1
2015,Cincinnati,2015Cincinnati,1,0.3533863692919296,0
2015,NC State,2015NC State,1,0.46351784134718427,0
2015,Oregon,2015Oregon,1,0.6963435888490522,1
2015,San Diego St,2015San Diego St,1,0.5966171655755941,1
2015,LSU,2015LSU,0,0.3545953111271619,0
2015,Oklahoma St,2015Oklahoma St,0,0.32216303248369715,0
2015,Purdue,2015Purdue,0,0.26899430119438034,0
2015,St Johns,2015St Johns,0,0.5525584664107465,1
2015,Davidson,2015Davidson,0,0.6027172525332384,1
2015,Georgia,2015Georgia,0,0.3509988047571017,0
2015,Indiana,2015Indiana,0,0.31103970942091536,0
2015,Ohio St,2015Ohio St,1,0.6352783570226157,1
2015,BYU,2015BYU,0,0.32503169136395493,0
2015,Boise St,2015Boise St,0,0.3458821095550281,0
2015,Dayton,2015Dayton,1,0.3686561251434296,0
2015,Mississippi,2015Mississippi,0,0.22843042489791396,0
2015,Texas,2015Texas,0,0.31228977978490197,0
2015,UCLA,2015UCLA,1,0.47229270322155525,0
2015,Buffalo,2015Buffalo,0,0.22475429614159076,0
2015,SF Austin,2015SF Austin,0,0.3341736220191938,0
2015,Wofford,2015Wofford,0,0.2722061925189786,0
2015,Wyoming,2015Wyoming,0,0.09129660230924116,0
2015,Eastern Washington,2015Eastern Washington,0,0.06653043139631011,0
2015,Harvard,2015Harvard,0,0.31773957361462984,0
2015,UC Irvine,2015UC Irvine,0,0.09551867291068442,0
2015,Valparaiso,2015Valparaiso,0,0.2536527681838806,0
2015,Albany,2015Albany,0,0.044838744000996515,0
2015,Georgia St,2015Georgia St,1,0.1694989720452737,0
2015,Northeastern,2015Northeastern,0,0.06921692046156555,0
2015,UAB,2015UAB,1,0.07637145373943516,0
2015,Belmont,2015Belmont,0,0.06292218099899925,0
2015,N Dakota St,2015N Dakota St,0,0.06385537244603016,0
2015,New Mexico St,2015New Mexico St,0,0.07625111325624866,0
2015,Texas Southern,2015Texas Southern,0,0.03312495943039256,0
2015,Coastal Carolina,2015Coastal Carolina,0,0.02398520223182135,0
2015,Hampton,2015Hampton,0,0.004201831044881117,0
2015,Lafayette,2015Lafayette,0,0.04122424170778183,0
2015,Manhattan,2015Manhattan,0,0.02500410313121169,0
2015,North Florida,2015North Florida,0,0.028129978685259516,0
2015,Robert Morris,2015Robert Morris,0,0.03950751908145456,0
2016,Kansas,2016Kansas,1,0.9685897298376251,1
2016,North Carolina,2016North Carolina,1,0.9299726469513032,1
2016,Oregon,2016Oregon,1,0.8653184499544601,1
2016,Virginia,2016Virginia,1,0.933921142593907,1
2016,Michigan St,2016Michigan St,0,0.8918840254124502,1
2016,Oklahoma,2016Oklahoma,1,0.9316861477923668,1
2016,Villanova,2016Villanova,1,0.9708257384100252,1
2016,Xavier,2016Xavier,1,0.7952477524167514,1
2016,Miami,2016Miami,1,0.8988162682027242,1
2016,Texas A&M,2016Texas A&M,1,0.7228135927308666,1
2016,Utah,2016Utah,1,0.7000102836045775,1
2016,West Virginia,2016West Virginia,0,0.856594212593233,1
2016,California,2016California,0,0.28004861302194406,0
2016,Duke,2016Duke,1,0.7082618711795959,1
2016,Iowa St,2016Iowa St,1,0.6853515224552157,1
2016,Kentucky,2016Kentucky,1,0.811352125825213,1
2016,Baylor,2016Baylor,0,0.659807169843868,1
2016,Indiana,2016Indiana,1,0.8008310829434498,1
2016,Maryland,2016Maryland,1,0.6723874994206477,1
2016,Purdue,2016Purdue,0,0.569326675135675,1
2016,Arizona,2016Arizona,0,0.5264511236938535,1
2016,Notre Dame,2016Notre Dame,1,0.6505942838384866,1
2016,Seton Hall,2016Seton Hall,0,0.6405700425329215,1
2016,Texas,2016Texas,0,0.5209877311737767,1
2016,Dayton,2016Dayton,0,0.30088612874075954,0
2016,Iowa,2016Iowa,1,0.4909637469949679,0
2016,Oregon St,2016Oregon St,0,0.3886028660835434,0
2016,Wisconsin,2016Wisconsin,1,0.4016875637459777,0
2016,Colorado,2016Colorado,0,0.2812710095055575,0
2016,St Josephs,2016St Josephs,1,0.3446532467425455,0
2016,Texas Tech,2016Texas Tech,0,0.38534070062529224,0
2016,USC,2016USC,0,0.31600664419614505,0
2016,Butler,2016Butler,1,0.4305021920782952,0
2016,Cincinnati,2016Cincinnati,0,0.34038099020375,0
2016,Connecticut,2016Connecticut,1,0.42661258439175975,0
2016,Providence,2016Providence,1,0.5925993334294813,1
2016,Pittsburgh,2016Pittsburgh,0,0.4532784083236746,0
2016,Syracuse,2016Syracuse,1,0.616797344334022,1
2016,Temple,2016Temple,0,0.3962728662985761,0
2016,VCU,2016VCU,1,0.3562221294068589,0
2016,Gonzaga,2016Gonzaga,1,0.45108336199109583,0
2016,Michigan,2016Michigan,0,0.31974528237607974,0
2016,Northern Iowa,2016Northern Iowa,1,0.1508683742976981,0
2016,Wichita St,2016Wichita St,1,0.4114970460265757,0
2016,Arkansas Little Rock,2016Arkansas Little Rock,1,0.3772101703497097,0
2016,Chattanooga,2016Chattanooga,0,0.20221704137425822,0
2016,South Dakota St,2016South Dakota St,0,0.08649861737279897,0
2016,Yale,2016Yale,1,0.29730371882889867,0
2016,Hawaii,2016Hawaii,1,0.11404661271850683,0
2016,Iona,2016Iona,0,0.06427993039291496,0
2016,Stony Brook,2016Stony Brook,0,0.12436095815490421,0
2016,UNC Wilmington,2016UNC Wilmington,0,0.16780695990706848,0
2016,Buffalo,2016Buffalo,0,0.04116967088493473,0
2016,Fresno St,2016Fresno St,0,0.1649973432250843,0
2016,Stephen F Austin,2016Stephen F Austin,1,0.3947888192272107,0
2016,Wisconsin Green Bay,2016Wisconsin Green Bay,0,0.08028696991225587,0
2016,Cal St Bakersfield,2016Cal St Bakersfield,0,0.05230371149268766,0
2016,Middle Tennessee St,2016Middle Tennessee St,1,0.11019484167729218,0
2016,UNC Asheville,2016UNC Asheville,0,0.038040747687320915,0
2016,Weber St,2016Weber St,0,0.013123378504695572,0
2016,Austin Peay,2016Austin Peay,0,0.009769282764115915,0
2016,Florida Gulf Coast,2016Florida Gulf Coast,0,0.010681654847642637,0
2016,Hampton,2016Hampton,0,0.010822368992188976,0
2016,Holy Cross,2016Holy Cross,0,0.0018309933102896817,0
2017,Gonzaga,2017Gonzaga,1,0.9434829636734238,1
2017,Kansas,2017Kansas,1,0.967555502238781,1
2017,North Carolina,2017North Carolina,1,0.9405994078544945,1
2017,Villanova,2017Villanova,1,0.9521777326554887,1
2017,Arizona,2017Arizona,1,0.8580561688097106,1
2017,Duke,2017Duke,1,0.8648269313144281,1
2017,Kentucky,2017Kentucky,1,0.9119926999965017,1
2017,Louisville,2017Louisville,1,0.8452906774472374,1
2017,Baylor,2017Baylor,1,0.8713417882777402,1
2017,Florida St,2017Florida St,1,0.7138852998727312,1
2017,Oregon,2017Oregon,1,0.9061109632960795,1
2017,UCLA,2017UCLA,1,0.8197174477976074,1
2017,Butler,2017Butler,1,0.6999150485453572,1
2017,Florida,2017Florida,1,0.8957904982822462,1
2017,Purdue,2017Purdue,1,0.8051380484217597,1
2017,West Virginia,2017West Virginia,1,0.9082271634011917,1
2017,Iowa St,2017Iowa St,1,0.886961904262193,1
2017,Minnesota,2017Minnesota,0,0.530964334922737,1
2017,Notre Dame,2017Notre Dame,1,0.7877646598136807,1
2017,Virginia,2017Virginia,1,0.8083718310836673,1
2017,Cincinnati,2017Cincinnati,1,0.7884476231089402,1
2017,Creighton,2017Creighton,0,0.7127592084739176,1
2017,Maryland,2017Maryland,0,0.5296645354919473,1
2017,SMU,2017SMU,0,0.8218323094603586,1
2017,Dayton,2017Dayton,0,0.31964172752517517,0
2017,Michigan,2017Michigan,1,0.8269196725646577,1
2017,South Carolina,2017South Carolina,1,0.7944646096860898,1
2017,St Marys,2017St Marys,1,0.81555894221513,1
2017,Arkansas,2017Arkansas,1,0.6783056538452509,1
2017,Miami,2017Miami,0,0.5246269564104508,1
2017,Northwestern,2017Northwestern,1,0.44135642566070377,0
2017,Wisconsin,2017Wisconsin,1,0.7965563454957659,1
2017,Michigan St,2017Michigan St,1,0.36405382098576333,0
2017,Seton Hall,2017Seton Hall,0,0.4779268602400057,0
2017,Vanderbilt,2017Vanderbilt,0,0.3831751381715337,0
2017,Virginia Tech,2017Virginia Tech,0,0.4978261366193535,0
2017,Marquette,2017Marquette,0,0.3901843775580908,0
2017,Oklahoma St,2017Oklahoma St,0,0.7281815477760762,1
2017,VCU,2017VCU,0,0.3729576688596758,0
2017,Wichita St,2017Wichita St,1,0.7435395300817348,1
2017,Kansas St,2017Kansas St,0,0.5768352544678019,1
2017,Rhode Island,2017Rhode Island,1,0.35207665857826703,0
2017,USC,2017USC,1,0.54248688028127,1
2017,Xavier,2017Xavier,1,0.5832526708001325,1
2017,Middle Tennessee St,2017Middle Tennessee St,1,0.3751790492094883,0
2017,Nevada,2017Nevada,0,0.35471221166967976,0
2017,Princeton,2017Princeton,0,0.2787779376082205,0
2017,UNC Wilmington,2017UNC Wilmington,0,0.35931547982303386,0
2017,Bucknell,2017Bucknell,0,0.13600383225250348,0
2017,East Tennessee St,2017East Tennessee St,0,0.15434719448092835,0
2017,Vermont,2017Vermont,0,0.31342521093289794,0
2017,Winthrop,2017Winthrop,0,0.05071513042097466,0
2017,Florida Gulf Coast,2017Florida Gulf Coast,0,0.06814149460028485,0
2017,Iona,2017Iona,0,0.06304859489748392,0
2017,Kent St,2017Kent St,0,0.032648099981736074,0
2017,New Mexico St,2017New Mexico St,0,0.1427922870646234,0
2017,Jacksonville St,2017Jacksonville St,0,0.024664460867743317,0
2017,North Dakota,2017North Dakota,0,0.027331810978470483,0
2017,Northern Kentucky,2017Northern Kentucky,0,0.056968659181580276,0
2017,Troy,2017Troy,0,0.02115201329506801,0
2017,Mount St Marys,2017Mount St Marys,0,0.03368093065906686,0
2017,South Dakota St,2017South Dakota St,0,0.015113202184517855,0
2017,Texas Southern,2017Texas Southern,0,0.029747793454053432,0
2017,UC Davis,2017UC Davis,0,0.02593401999746681,0
2018,Kansas,2018Kansas,1,0.929657881047066,1
2018,Villanova,2018Villanova,1,0.9766074864650457,1
2018,Virginia,2018Virginia,0,0.9792561499225145,1
2018,Xavier,2018Xavier,1,0.8127017439555263,1
2018,Cincinnati,2018Cincinnati,1,0.8731877330915829,1
2018,Duke,2018Duke,1,0.9009835526933722,1
2018,North Carolina,2018North Carolina,1,0.7172924042295975,1
2018,Purdue,2018Purdue,1,0.873636139973329,1
2018,Michigan,2018Michigan,1,0.9031621372345409,1
2018,Michigan St,2018Michigan St,1,0.7878380985133124,1
2018,Tennessee,2018Tennessee,1,0.8263395566237484,1
2018,Texas Tech,2018Texas Tech,1,0.7516930415158889,1
2018,Arizona,2018Arizona,0,0.5469683163622423,1
2018,Auburn,2018Auburn,1,0.5034303456046609,1
2018,Gonzaga,2018Gonzaga,1,0.6238841186304298,1
2018,Wichita St,2018Wichita St,0,0.36006149316104125,0
2018,Clemson,2018Clemson,1,0.6705621923660611,1
2018,Kentucky,2018Kentucky,1,0.6753891127899799,1
2018,Ohio St,2018Ohio St,1,0.710849916813764,1
2018,West Virginia,2018West Virginia,1,0.7111032414720377,1
2018,Florida,2018Florida,1,0.49864837856992966,0
2018,Houston,2018Houston,1,0.4622095955994545,0
2018,Miami,2018Miami,0,0.5471501255628327,1
2018,TCU,2018TCU,0,0.4074009526376957,0
2018,Arkansas,2018Arkansas,0,0.5062317489126628,1
2018,Nevada,2018Nevada,1,0.5087255115188332,1
2018,Rhode Island,2018Rhode Island,1,0.5812655655389855,1
2018,Texas A&M,2018Texas A&M,1,0.50173486857717,1
2018,Creighton,2018Creighton,0,0.35713173142279914,0
2018,Missouri,2018Missouri,0,0.23463310129337958,0
2018,Seton Hall,2018Seton Hall,1,0.5285255615597088,1
2018,Virginia Tech,2018Virginia Tech,0,0.35605985034218196,0
2018,Alabama,2018Alabama,1,0.3289017632971894,0
2018,Florida St,2018Florida St,1,0.3997915974900323,0
2018,Kansas St,2018Kansas St,1,0.5864494526121117,1
2018,NC State,2018NC State,0,0.5020175602670878,1
2018,Butler,2018Butler,1,0.5274223158070823,1
2018,Oklahoma,2018Oklahoma,0,0.2756832832131041,0
2018,Providence,2018Providence,0,0.5405885675353248,1
2018,Texas,2018Texas,0,0.42004208127906023,0
2018,Loyola Chicago,2018Loyola Chicago,1,0.6852213829704499,1
2018,San Diego St,2018San Diego St,0,0.19887649201905996,0
2018,St Bonaventure,2018St Bonaventure,0,0.3074723816930929,0
2018,Syracuse,2018Syracuse,1,0.46150192105161353,0
2018,Davidson,2018Davidson,0,0.15819783679021654,0
2018,Murray St,2018Murray St,0,0.1770895324328143,0
2018,New Mexico St,2018New Mexico St,0,0.25279020359245574,0
2018,South Dakota St,2018South Dakota St,0,0.21673927649656274,0
2018,Buffalo,2018Buffalo,1,0.16684654358845996,0
2018,College of Charleston,2018College of Charleston,0,0.06683907740721928,0
2018,Marshall,2018Marshall,1,0.10968925303180559,0
2018,UNC Greensboro,2018UNC Greensboro,0,0.07869850196163841,0
2018,Bucknell,2018Bucknell,0,0.04916775911951095,0
2018,Montana,2018Montana,0,0.13562230255659566,0
2018,Stephen F Austin,2018Stephen F Austin,0,0.05398656625500764,0
2018,Wright St,2018Wright St,0,0.05173230710448684,0
2018,Cal St Fullerton,2018Cal St Fullerton,0,0.0416722624564711,0
2018,Georgia St,2018Georgia St,0,0.05878313286194519,0
2018,Iona,2018Iona,0,0.032472870661211524,0
2018,Lipscomb,2018Lipscomb,0,0.03667112645888777,0
2018,Pennsylvania,2018Pennsylvania,0,0.06723434781208726,0
2018,Radford,2018Radford,0,0.03552889726556029,0
2018,Texas Southern,2018Texas Southern,0,0.002267838528037907,0
2018,UMBC,2018UMBC,1,0.06109164170384179,0
2019,Duke,2019Duke,1,0.9674871372615658,1
2019,Gonzaga,2019Gonzaga,1,0.9560104690546907,1
2019,North Carolina,2019North Carolina,1,0.9280740697675827,1
2019,Virginia,2019Virginia,1,0.9879630903631744,1
2019,Kentucky,2019Kentucky,1,0.932393740464096,1
2019,Michigan,2019Michigan,1,0.9558916013276272,1
2019,Michigan St,2019Michigan St,1,0.9376422737548281,1
2019,Tennessee,2019Tennessee,1,0.9120216433128402,1
2019,Houston,2019Houston,1,0.8140702645294674,1
2019,LSU,2019LSU,1,0.8043901246326034,1
2019,Purdue,2019Purdue,1,0.8917178093310993,1
2019,Texas Tech,2019Texas Tech,1,0.9594635304961353,1
2019,Florida St,2019Florida St,1,0.8318015962702755,1
2019,Kansas,2019Kansas,1,0.8839664987058343,1
2019,Kansas St,2019Kansas St,0,0.829377410260888,1
2019,Virginia Tech,2019Virginia Tech,1,0.8102463371832975,1
2019,Auburn,2019Auburn,1,0.9128898509586265,1
2019,Marquette,2019Marquette,0,0.3851209650225131,0
2019,Mississippi St,2019Mississippi St,0,0.6484741979383332,1
2019,Wisconsin,2019Wisconsin,0,0.7881251919550398,1
2019,Buffalo,2019Buffalo,1,0.7377120261587576,1
2019,Iowa St,2019Iowa St,0,0.6733980215603483,1
2019,Maryland,2019Maryland,1,0.5374144036899408,1
2019,Villanova,2019Villanova,1,0.5318730361659383,1
2019,Cincinnati,2019Cincinnati,0,0.6407486707642985,1
2019,Louisville,2019Louisville,0,0.4010155279649217,0
2019,Nevada,2019Nevada,0,0.47352677184755515,0
2019,Wofford,2019Wofford,1,0.7644433683433411,1
2019,Ole Miss,2019Ole Miss,0,0.34817679581245997,0
2019,Syracuse,2019Syracuse,0,0.4453777300352836,0
2019,Utah St,2019Utah St,0,0.22224002008037588,0
2019,VCU,2019VCU,0,0.370194907297114,0
2019,Baylor,2019Baylor,1,0.39048584773539524,0
2019,Central Florida,2019Central Florida,1,0.44802310352014113,0
2019,Oklahoma,2019Oklahoma,1,0.6222729981416478,1
2019,Washington,2019Washington,1,0.6682073881725146,1
2019,Florida,2019Florida,1,0.5438215423828473,1
2019,Iowa,2019Iowa,1,0.600646818947548,1
2019,Minnesota,2019Minnesota,1,0.6342006952334941,1
2019,Seton Hall,2019Seton Hall,0,0.2920090641153558,0
2019,Arizona St,2019Arizona St,0,0.2474251165982369,0
2019,Belmont,2019Belmont,0,0.31519560880619274,0
2019,Ohio St,2019Ohio St,1,0.38722001039914666,0
2019,St Marys,2019St Marys,0,0.3930291146557094,0
2019,Liberty,2019Liberty,1,0.2117822100902965,0
2019,Murray St,2019Murray St,1,0.42609926165427503,0
2019,New Mexico St,2019New Mexico St,0,0.23839846572442142,0
2019,Oregon,2019Oregon,1,0.42097585328127785,0
2019,Northeastern,2019Northeastern,0,0.12147388511932782,0
2019,St Louis,2019St Louis,0,0.10710095115235596,0
2019,UC Irvine,2019UC Irvine,1,0.2459111346526189,0
2019,Vermont,2019Vermont,0,0.10777294599127528,0
2019,Georgia St,2019Georgia St,0,0.2561115316830611,0
2019,Northern Kentucky,2019Northern Kentucky,0,0.06070336354754041,0
2019,Old Dominion,2019Old Dominion,0,0.09427679956280774,0
2019,Yale,2019Yale,0,0.13478905301295438,0
2019,Abilene Christian,2019Abilene Christian,0,0.09153151338691128,0
2019,Bradley,2019Bradley,0,0.024562350284003935,0
2019,Colgate,2019Colgate,0,0.05101811230843549,0
2019,Montana,2019Montana,0,0.052812076528133085,0
2019,Fairleigh Dickinson,2019Fairleigh Dickinson,0,0.013358188396954355,0
2019,Gardner Webb,2019Gardner Webb,0,0.03435567462223324,0
2019,Iona,2019Iona,0,0.0057419311005004504,0
2019,North Dakota St,2019North Dakota St,0,0.014077200238793946,0
2021,Baylor,2021Baylor,1,0.9942000285091465,1
2021,Gonzaga,2021Gonzaga,1,0.9902429370225683,1
2021,Illinois,2021Illinois,1,0.9527297438062536,1
2021,Michigan,2021Michigan,1,0.9641024107116015,1
2021,Alabama,2021Alabama,1,0.9291289962647645,1
2021,Houston,2021Houston,1,0.9545650438642974,1
2021,Iowa,2021Iowa,1,0.8508858045567352,1
2021,Ohio St,2021Ohio St,0,0.7805613319905944,1
2021,Arkansas,2021Arkansas,1,0.8655479272672592,1
2021,Kansas,2021Kansas,1,0.8827834868416685,1
2021,Texas,2021Texas,0,0.7143771152256844,1
2021,West Virginia,2021West Virginia,1,0.6340060604299061,1
2021,Florida St,2021Florida St,1,0.8269446742259766,1
2021,Oklahoma St,2021Oklahoma St,1,0.8088887072666969,1
2021,Purdue,2021Purdue,0,0.7336626603525438,1
2021,Virginia,2021Virginia,0,0.8377479953566217,1
2021,Colorado,2021Colorado,1,0.8784618468415345,1
2021,Creighton,2021Creighton,1,0.7442641447071051,1
2021,Tennessee,2021Tennessee,0,0.6670875950301359,1
2021,Villanova,2021Villanova,1,0.7942862891894076,1
2021,BYU,2021BYU,0,0.8012219382405158,1
2021,San Diego St,2021San Diego St,0,0.6776092077977742,1
2021,Texas Tech,2021Texas Tech,1,0.510082009932291,1
2021,USC,2021USC,1,0.9317167073620147,1
2021,Clemson,2021Clemson,0,0.8071851749881176,1
2021,Connecticut,2021Connecticut,0,0.6158038283078469,1
2021,Florida,2021Florida,1,0.6342953784226579,1
2021,Oregon,2021Oregon,1,0.9029429580885711,1
2021,LSU,2021LSU,1,0.7218311814562652,1
2021,Loyola Chicago,2021Loyola Chicago,1,0.8171903114168747,1
2021,North Carolina,2021North Carolina,0,0.656346329902924,1
2021,Oklahoma,2021Oklahoma,1,0.47337011496401726,0
2021,Georgia Tech,2021Georgia Tech,0,0.6587018888897221,1
2021,Missouri,2021Missouri,0,0.6698401474105028,1
2021,St Bonaventure,2021St Bonaventure,0,0.7121178725712292,1
2021,Wisconsin,2021Wisconsin,1,0.7371135640339246,1
2021,Maryland,2021Maryland,1,0.4774256703995304,0
2021,Rutgers,2021Rutgers,1,0.7467902189568384,1
2021,VCU,2021VCU,0,0.6206431614811759,1
2021,Virginia Tech,2021Virginia Tech,0,0.4388258290315536,0
2021,Drake,2021Drake,0,0.6958401592877458,1
2021,Syracuse,2021Syracuse,1,0.6903371660352119,1
2021,UCLA,2021UCLA,1,0.8777536240915711,1
2021,Utah St,2021Utah St,0,0.2776982390662546,0
2021,Georgetown,2021Georgetown,0,0.3704713152212786,0
2021,Oregon St,2021Oregon St,1,0.7983113616014416,1
2021,Santa Barbara,2021Santa Barbara,0,0.38574770883471904,0
2021,Winthrop,2021Winthrop,0,0.1004075966315882,0
2021,Liberty,2021Liberty,0,0.0627841093208482,0
2021,North Texas,2021North Texas,1,0.2598354092920626,0
2021,Ohio,2021Ohio,1,0.2292064357826204,0
2021,UNC Greensboro,2021UNC Greensboro,0,0.11303992805901639,0
2021,Abilene Christian,2021Abilene Christian,1,0.16433445105518643,0
2021,Colgate,2021Colgate,0,0.11489026521369375,0
2021,Eastern Washington,2021Eastern Washington,0,0.026138374444112874,0
2021,Morehead St,2021Morehead St,0,0.1633796113386324,0
2021,Cleveland St,2021Cleveland St,0,0.19774794530815593,0
2021,Grand Canyon,2021Grand Canyon,0,0.03402849843361095,0
2021,Iona,2021Iona,0,0.013801627785210931,0
2021,Oral Roberts,2021Oral Roberts,1,0.07234208700748673,0
2021,Drexel,2021Drexel,0,0.021445509439643577,0
2021,Hartford,2021Hartford,0,0.021359797186897286,0
2021,Norfolk St,2021Norfolk St,0,0.009973820994044508,0
2021,Texas Southern,2021Texas Southern,0,0.01047277963033038,0
2022,Arizona,2022Arizona,1,0.9211854268649462,1
2022,Baylor,2022Baylor,1,0.9513226392436244,1
2022,Gonzaga,2022Gonzaga,1,0.9469610318363849,1
2022,Kansas,2022Kansas,1,0.9324166511487948,1
2022,Auburn,2022Auburn,1,0.811158077365162,1
2022,Duke,2022Duke,1,0.8313182154781262,1
2022,Kentucky,2022Kentucky,0,0.9030042268158776,1
2022,Villanova,2022Villanova,1,0.9060392942239637,1
2022,Purdue,2022Purdue,1,0.7451754701400394,1
2022,Tennessee,2022Tennessee,1,0.9394750060569387,1
2022,Texas Tech,2022Texas Tech,1,0.8136148462083823,1
2022,Wisconsin,2022Wisconsin,1,0.6666062989592496,1
2022,Arkansas,2022Arkansas,1,0.6537378469564996,1
2022,Illinois,2022Illinois,1,0.6686993526964975,1
2022,Providence,2022Providence,1,0.7482370896874105,1
2022,UCLA,2022UCLA,1,0.8612145478484505,1
2022,Connecticut,2022Connecticut,0,0.5909777376605929,1
2022,Houston,2022Houston,1,0.8922103230311403,1
2022,Iowa,2022Iowa,0,0.7920238717051158,1
2022,St Marys,2022St Marys,1,0.7739019256956428,1
2022,Alabama,2022Alabama,0,0.43926107820635474,0
2022,Colorado St,2022Colorado St,0,0.7063649748135141,1
2022,LSU,2022LSU,0,0.626090614301948,1
2022,Texas,2022Texas,1,0.6738719326940806,1
2022,Michigan St,2022Michigan St,1,0.4819586955091984,0
2022,Murray St,2022Murray St,1,0.6435597945082844,1
2022,Ohio St,2022Ohio St,1,0.34913755007967723,0
2022,USC,2022USC,0,0.5099932472753428,1
2022,Boise St,2022Boise St,0,0.5106554665509302,1
2022,North Carolina,2022North Carolina,1,0.5396448045985885,1
2022,San Diego St,2022San Diego St,0,0.6335977306856011,1
2022,Seton Hall,2022Seton Hall,0,0.49237289974916587,0
2022,Creighton,2022Creighton,1,0.5299541967100916,1
2022,Marquette,2022Marquette,0,0.4235043595711885,0
2022,Memphis,2022Memphis,1,0.41173920836823297,0
2022,TCU,2022TCU,1,0.5336393767013728,1
2022,Davidson,2022Davidson,0,0.27474475171493895,0
2022,Loyola Chicago,2022Loyola Chicago,0,0.5024777252716335,1
2022,Miami,2022Miami,1,0.546420985719202,1
2022,San Francisco,2022San Francisco,0,0.4986468704666225,0
2022,Iowa St,2022Iowa St,1,0.5644922887793934,1
2022,Michigan,2022Michigan,1,0.37059695020204364,0
2022,Notre Dame,2022Notre Dame,1,0.3461230392040705,0
2022,Rutgers,2022Rutgers,0,0.2544098267084651,0
2022,Virginia Tech,2022Virginia Tech,0,0.48609508029998766,0
2022,Indiana,2022Indiana,0,0.24310515237854363,0
2022,New Mexico St,2022New Mexico St,1,0.23710483880799652,0
2022,Richmond,2022Richmond,1,0.23440744431476773,0
2022,UAB,2022UAB,0,0.2984903268516952,0
2022,Wyoming,2022Wyoming,0,0.3118210040257993,0
2022,Akron,2022Akron,0,0.03243440225365378,0
2022,Chattanooga,2022Chattanooga,0,0.23597361726823582,0
2022,South Dakota St,2022South Dakota St,0,0.23963794975522973,0
2022,Vermont,2022Vermont,0,0.13254837658312146,0
2022,Colgate,2022Colgate,0,0.0184270776344263,0
2022,Longwood,2022Longwood,0,0.0684164394493863,0
2022,Montana St,2022Montana St,0,0.03188053189167222,0
2022,Yale,2022Yale,0,0.045335114826950816,0
2022,Cal St Fullerton,2022Cal St Fullerton,0,0.03731855571486011,0
2022,Delaware,2022Delaware,0,0.036853582313944755,0
2022,Jacksonville St,2022Jacksonville St,0,0.01924026801076426,0
2022,St Peters,2022St Peters,1,0.03786325485386922,0
2022,Bryant,2022Bryant,0,0.033609974652150654,0
2022,Georgia St,2022Georgia St,0,0.0691919003637679,0
2022,Norfolk St,2022Norfolk St,0,0.03082627198625831,0
2022,Texas A&M Corpus Chris,2022Texas A&M Corpus Chris,0,0.005222894503877064,0
2022,Texas Southern,2022Texas Southern,0,0.01045719204147881,0
2022,Wright St,2022Wright St,0,0.01634795589055444,0
2023,Alabama,2023Alabama,1,0.9481372039986439,1
2023,Houston,2023Houston,1,0.9518253019065476,1
2023,Kansas,2023Kansas,1,0.9628483084851457,1
2023,Purdue,2023Purdue,0,0.878050108385745,1
2023,Arizona,2023Arizona,0,0.8362018304019386,1
2023,Marquette,2023Marquette,1,0.8554219288556952,1
2023,Texas,2023Texas,1,0.9259565346670832,1
2023,UCLA,2023UCLA,1,0.9582152927116905,1
2023,Baylor,2023Baylor,1,0.7897633479486171,1
2023,Gonzaga,2023Gonzaga,1,0.9059178467344281,1
2023,Kansas St.,2023Kansas St.,1,0.7418808201391829,1
2023,Xavier,2023Xavier,1,0.6611793985726613,1
2023,Connecticut,2023Connecticut,1,0.7470862801431679,1
2023,Indiana,2023Indiana,1,0.5680683731465053,1
2023,Tennessee,2023Tennessee,1,0.7493089961278603,1
2023,Virginia,2023Virginia,0,0.6135933226082598,1
2023,Duke,2023Duke,1,0.7192896567624202,1
2023,Miami FL,2023Miami FL,1,0.45512429440669705,0
2023,Saint Mary's,2023Saint Mary's,1,0.9120461313738996,1
2023,San Diego St.,2023San Diego St.,1,0.8263653782799394,1
2023,Creighton,2023Creighton,1,0.4615396771125448,0
2023,Iowa St.,2023Iowa St.,0,0.5743194045317913,1
2023,Kentucky,2023Kentucky,1,0.5015780220528286,1
2023,TCU,2023TCU,1,0.6201201718219492,1
2023,Michigan St.,2023Michigan St.,1,0.5470668331135247,1
2023,Missouri,2023Missouri,1,0.7571059422702539,1
2023,Northwestern,2023Northwestern,1,0.5107536747434805,1
2023,Texas A&M,2023Texas A&M,0,0.7076929489576714,1
2023,Arkansas,2023Arkansas,1,0.442148367000176,0
2023,Iowa,2023Iowa,0,0.3657976197721071,0
2023,Maryland,2023Maryland,1,0.483848126402677,0
2023,Memphis,2023Memphis,0,0.5788520238390762,1
2023,Auburn,2023Auburn,1,0.4902940731605251,0
2023,Florida Atlantic,2023Florida Atlantic,1,0.6418599698720505,1
2023,Illinois,2023Illinois,0,0.29619568795626167,0
2023,West Virginia,2023West Virginia,0,0.5617049632248436,1
2023,Boise St.,2023Boise St.,0,0.5243258454445807,1
2023,Penn St.,2023Penn St.,1,0.3245329614089849,0
2023,USC,2023USC,0,0.48706743938346525,0
2023,Utah St.,2023Utah St.,0,0.5363455384671595,1
2023,Arizona St.,2023Arizona St.,0,0.4888373857276302,0
2023,Mississippi St.,2023Mississippi St.,0,0.44357871832580564,0
2023,N.C. State,2023N.C. State,0,0.3714195454847603,0
2023,Nevada,2023Nevada,0,0.3679733930059398,0
2023,Pittsburgh,2023Pittsburgh,1,0.2097111962740524,0
2023,Providence,2023Providence,0,0.3553155432700871,0
2023,Charleston,2023Charleston,0,0.23112097245797006,0
2023,Drake,2023Drake,0,0.2558154005413651,0
2023,Oral Roberts,2023Oral Roberts,0,0.46303068911588646,0
2023,VCU,2023VCU,0,0.42642792870661583,0
2023,Furman,2023Furman,1,0.062380752690377614,0
2023,Iona,2023Iona,0,0.2206369378589522,0
2023,Kent St.,2023Kent St.,0,0.241618874242643,0
2023,Louisiana,2023Louisiana,0,0.21108057047248596,0
2023,Grand Canyon,2023Grand Canyon,0,0.06423951391995227,0
2023,Kennesaw St.,2023Kennesaw St.,0,0.1597547157233475,0
2023,Montana St.,2023Montana St.,0,0.11609183957597215,0
2023,UC Santa Barbara,2023UC Santa Barbara,0,0.11849248209652859,0
2023,Colgate,2023Colgate,0,0.04577918097951959,0
2023,Princeton,2023Princeton,1,0.04060842152949539,0
2023,Vermont,2023Vermont,0,0.06562605327191046,0
2023,Fairleigh Dickinson,2023Fairleigh Dickinson,1,0.0007038427031169957,0
2023,Howard,2023Howard,0,0.02532474768068422,0
2023,Northern Kentucky,2023Northern Kentucky,0,0.04472134859537366,0
2023,Southeast Missouri St. ,2023Southeast Missouri St. ,0,0.0020548842124054004,0
2023,Texas A&M Corpus Chris ,2023Texas A&M Corpus Chris ,0,0.014146244091499404,0
2023,Texas Southern,2023Texas Southern,0,0.0021056223772032818,0
2023,UNC Asheville,2023UNC Asheville,0,0.12377299935180906,0
2024,Connecticut,2024Connecticut,1,0.9914018236704727,1
2024,Houston,2024Houston,1,0.9854165793138873,1
2024,N Carolina,2024N Carolina,1,0.7907250358278654,1
2024,Purdue,2024Purdue,1,0.9655274931373351,1
2024,Arizona,2024Arizona,1,0.7994733272894633,1
2024,Iowa St,2024Iowa St,1,0.9168935167027427,1
2024,Marquette,2024Marquette,1,0.9066729899650655,1
2024,Tennessee,2024Tennessee,1,0.853735124313751,1
2024,Baylor,2024Baylor,1,0.7138673432907776,1
2024,Creighton,2024Creighton,1,0.8047365175002943,1
2024,Illinois,2024Illinois,1,0.8237749920075452,1
2024,Kentucky,2024Kentucky,0,0.49858328764840876,0
2024,Alabama,2024Alabama,1,0.7637179674868501,1
2024,Auburn,2024Auburn,0,0.8267375716225407,1
2024,Duke,2024Duke,1,0.8227439223932763,1
2024,Kansas,2024Kansas,1,0.6942481125833792,1
2024,Gonzaga,2024Gonzaga,1,0.6637949661447629,1
2024,San Diego St,2024San Diego St,1,0.6303500580117315,1
2024,St Marys,2024St Marys,0,0.6155799723511713,1
2024,Wisconsin,2024Wisconsin,0,0.5690568001822367,1
2024,BYU,2024BYU,0,0.4775533933386633,0
2024,Clemson,2024Clemson,1,0.5048647353678788,1
2024,S Carolina,2024S Carolina,0,0.738246795992611,1
2024,Texas Tech,2024Texas Tech,0,0.6391511990405178,1
2024,Dayton,2024Dayton,1,0.5056883139424281,1
2024,Florida,2024Florida,0,0.5045027828683545,1
2024,Texas,2024Texas,1,0.5822882633344306,1
2024,Washington St,2024Washington St,1,0.5148844142823653,1
2024,Fla Atlantic,2024Fla Atlantic,0,0.3487809574749169,0
2024,Mississippi St,2024Mississippi St,0,0.42702330101956565,0
2024,Nebraska,2024Nebraska,0,0.5330061334339595,1
2024,Utah St,2024Utah St,1,0.7074871221488139,1
2024,Michigan St,2024Michigan St,1,0.4598784932787825,0
2024,Northwestern,2024Northwestern,1,0.5641512816229085,1
2024,TCU,2024TCU,0,0.39360804325814464,0
2024,Texas A&M,2024Texas A&M,1,0.3427234900153993,0
2024,Boise St,2024Boise St,0,0.4024461644873451,0
2024,Colorado,2024Colorado,1,0.6425278869506752,1
2024,Colorado St,2024Colorado St,0,0.4092937600235674,0
2024,Drake,2024Drake,0,0.4110240568269505,0
2024,Nevada,2024Nevada,0,0.45333423265924705,0
2024,Virginia,2024Virginia,0,0.6384703611496213,1
2024,Duquesne,2024Duquesne,1,0.3089170988109135,0
2024,NC State,2024NC State,1,0.5432605251803361,1
2024,New Mexico,2024New Mexico,0,0.5397707113960463,1
2024,Oregon,2024Oregon,1,0.4854096060981373,0
2024,Grd Canyon,2024Grd Canyon,1,0.35438907187867363,0
2024,James Madison,2024James Madison,1,0.4751614353182007,0
2024,McNeese,2024McNeese,0,0.21394541154528482,0
2024,UAB,2024UAB,0,0.2029827750484549,0
2024,Charleston,2024Charleston,0,0.11962532790498105,0
2024,Samford,2024Samford,0,0.3740904190515643,0
2024,Vermont,2024Vermont,0,0.12472251178560853,0
2024,Yale,2024Yale,1,0.15289402952351558,0
2024,Akron,2024Akron,0,0.038001304218434756,0
2024,Colgate,2024Colgate,0,0.042507447163474876,0
2024,Morehead St,2024Morehead St,0,0.07030747080373739,0
2024,Oakland,2024Oakland,1,0.07350560740268128,0
2024,Long Beach St,2024Long Beach St,0,0.02524261879826924,0
2024,S Dakota St,2024S Dakota St,0,0.016174670389744607,0
2024,St Peters,2024St Peters,0,0.014093383705014192,0
2024,Western KY,2024Western KY,0,0.015167566237242254,0
2024,Grambling,2024Grambling,0,0.024372852707461232,0
2024,Howard,2024Howard,0,0.0022659991842244294,0
2024,Longwood,2024Longwood,0,0.01376087031291589,0
2024,Montana St,2024Montana St,0,0.005722329948025598,0
2024,Stetson,2024Stetson,0,0.026037011877480993,0
2024,Wagner,2024Wagner,0,0.0029089157144927737,0
2025,Auburn,2025Auburn,1,0.9919243145466765,1
2025,Duke,2025Duke,1,0.9905185241919386,1
2025,Florida,2025Florida,1,0.9939066622752185,1
2025,Houston,2025Houston,1,0.9939189902670446,1
2025,Alabama,2025Alabama,1,0.9716955124672421,1
2025,Michigan St,2025Michigan St,1,0.9218783358231032,1
2025,St Johns,2025St Johns,1,0.9084591983494523,1
2025,Tennessee,2025Tennessee,1,0.9777708505567158,1
2025,Iowa St,2025Iowa St,1,0.8760474825816074,1
2025,Kentucky,2025Kentucky,1,0.8838277286388577,1
2025,Texas Tech,2025Texas Tech,1,0.9224750781212034,1
2025,Wisconsin,2025Wisconsin,1,0.8172272877786545,1
2025,Arizona,2025Arizona,1,0.8457365100880053,1
2025,Maryland,2025Maryland,1,0.9158478473012165,1
2025,Purdue,2025Purdue,1,0.9174734579155884,1
2025,Texas A&M,2025Texas A&M,1,0.8455451422196736,1
2025,Clemson,2025Clemson,0,0.8201351224861161,1
2025,Memphis,2025Memphis,0,0.6817203102479525,1
2025,Michigan,2025Michigan,1,0.9141414665312434,1
2025,Oregon,2025Oregon,1,0.9054719508858444,1
2025,BYU,2025BYU,1,0.8423673276728068,1
2025,Illinois,2025Illinois,1,0.7629658711526731,1
2025,Mississippi,2025Mississippi,1,0.8998842308557606,1
2025,Missouri,2025Missouri,0,0.7958451421996917,1
2025,Kansas,2025Kansas,0,0.815378185437289,1
2025,Marquette,2025Marquette,0,0.8278365888524678,1
2025,St Marys,2025St Marys,1,0.8124551719590718,1
2025,UCLA,2025UCLA,1,0.8637994971461943,1
2025,Connecticut,2025Connecticut,1,0.5452646732030414,1
2025,Gonzaga,2025Gonzaga,1,0.8266265033972174,1
2025,Louisville,2025Louisville,0,0.8483472396488825,1
2025,Mississippi St,2025Mississippi St,0,0.7507613430192539,1
2025,Baylor,2025Baylor,1,0.7437443075261921,1
2025,Creighton,2025Creighton,1,0.7635748137325353,1
2025,Georgia,2025Georgia,0,0.6523609072892126,1
2025,Oklahoma,2025Oklahoma,0,0.6733110677418495,1
2025,Arkansas,2025Arkansas,1,0.7032351702325841,1
2025,New Mexico,2025New Mexico,1,0.5317553977992621,1
2025,Utah St,2025Utah St,0,0.5794557723356596,1
2025,Vanderbilt,2025Vanderbilt,0,0.5915874001909814,1
2025,Drake,2025Drake,1,0.4915133219283268,0
2025,N Carolina,2025N Carolina,0,0.6383160518582404,1
2025,San Diego St,2025San Diego St,0,0.4965935153707655,0
2025,Texas,2025Texas,0,0.3366143952741466,0
2025,VCU,2025VCU,0,0.5003464147751502,1
2025,Xavier,2025Xavier,0,0.48373388076174856,0
2025,Colorado St,2025Colorado St,1,0.5127254737804822,1
2025,Liberty,2025Liberty,0,0.4259655011376502,0
2025,McNeese,2025McNeese,1,0.38923192943174634,0
2025,UC San Diego,2025UC San Diego,0,0.5323199366750487,1
2025,Akron,2025Akron,0,0.190977457519299,0
2025,Grd Canyon,2025Grd Canyon,0,0.11959181254890028,0
2025,High Point,2025High Point,0,0.1212104322546928,0
2025,Yale,2025Yale,0,0.08777697509660987,0
2025,Lipscomb,2025Lipscomb,0,0.10719397972686823,0
2025,Montana,2025Montana,0,0.13125193490512185,0
2025,Troy,2025Troy,0,0.09359633190713797,0
2025,UNC Wilmington,2025UNC Wilmington,0,0.07420404026769105,0
2025,Bryant,2025Bryant,0,0.023792510538870992,0
2025,Omaha,2025Omaha,0,0.028868489948448005,0
2025,Robert Morris,2025Robert Morris,0,0.07266119394243348,0
2025,Wofford,2025Wofford,0,0.02766329702240152,0
2025,Alabama St,2025Alabama St,0,0.005554005397558205,0
2025,American,2025American,0,0.015126385160017932,0
2025,Mount St Marys,2025Mount St Marys,0,0.021152146852649382,0
2025,Norfolk St,2025Norfolk St,0,0.030653658193240053,0
2025,SIUE,2025SIUE,0,0.012998617058888984,0
2025,St Francis PA,2025St Francis PA,0,0.002639157069400939,0
