year,team,year_team,Final_Four,probability,prediction
2011,Duke,2011Duke,0,0.3076707517501404,0
2011,Kansas,2011Kansas,0,0.3076707517501404,0
2011,Ohio St,2011Ohio St,0,0.3076707517501404,0
2011,Pittsburgh,2011Pittsburgh,0,0.3076707517501404,0
2011,Florida,2011Florida,0,0.038462050597335595,0
2011,North Carolina,2011North Carolina,0,0.038462050597335595,0
2011,Notre Dame,2011Notre Dame,0,0.038462050597335595,0
2011,San Diego St,2011San Diego St,0,0.038462050597335595,0
2011,BYU,2011BYU,0,0.038462050597335595,0
2011,Connecticut,2011Connecticut,1,0.038462050597335595,0
2011,Purdue,2011Purdue,0,0.038462050597335595,0
2011,Syracuse,2011Syracuse,0,0.038462050597335595,0
2011,Kentucky,2011Kentucky,0,0.038462050597335595,0
2011,Louisville,2011Louisville,0,0.038462050597335595,0
2011,Texas,2011Texas,0,0.038462050597335595,0
2011,Wisconsin,2011Wisconsin,0,0.038462050597335595,0
2011,Arizona,2011Arizona,0,0.01923096388033554,0
2011,Kansas St,2011Kansas St,0,0.01923096388033554,0
2011,Vanderbilt,2011Vanderbilt,0,0.01923096388033554,0
2011,West Virginia,2011West Virginia,0,0.01923096388033554,0
2011,Cincinnati,2011Cincinnati,0,2.575921376721561e-05,0
2011,Georgetown,2011Georgetown,0,2.575921376721561e-05,0
2011,St Johns,2011St Johns,0,2.575921376721561e-05,0
2011,Xavier,2011Xavier,0,2.575921376721561e-05,0
2011,Temple,2011Temple,0,0.01922959174349227,0
2011,Texas A&M,2011Texas A&M,0,0.01922959174349227,0
2011,UCLA,2011UCLA,0,0.01922959174349227,0
2011,Washington,2011Washington,0,0.01922959174349227,0
2011,Butler,2011Butler,1,0.03844250405022279,0
2011,George Mason,2011George Mason,0,0.03844250405022279,0
2011,Michigan,2011Michigan,0,0.03844250405022279,0
2011,UNLV,2011UNLV,0,0.03844250405022279,0
2011,Illinois,2011Illinois,0,2.2375938969196646e-06,0
2011,Old Dominion,2011Old Dominion,0,2.2375938969196646e-06,0
2011,Tennessee,2011Tennessee,0,2.2375938969196646e-06,0
2011,Villanova,2011Villanova,0,2.2375938969196646e-06,0
2011,Florida St,2011Florida St,0,2.2375938969196646e-06,0
2011,Georgia,2011Georgia,0,2.2375938969196646e-06,0
2011,Michigan St,2011Michigan St,0,2.2375938969196646e-06,0
2011,Penn St,2011Penn St,0,2.2375938969196646e-06,0
2011,Gonzaga,2011Gonzaga,0,2.2375938969196646e-06,0
2011,Marquette,2011Marquette,0,2.2375938969196646e-06,0
2011,Missouri,2011Missouri,0,2.2375938969196646e-06,0
2011,VCU,2011VCU,0,2.2375938969196646e-06,0
2011,Clemson,2011Clemson,0,2.2375938969196646e-06,0
2011,Memphis,2011Memphis,0,2.2375938969196646e-06,0
2011,Richmond,2011Richmond,0,2.2375938969196646e-06,0
2011,Utah St,2011Utah St,0,2.2375938969196646e-06,0
2011,Belmont,2011Belmont,0,2.2375938969196646e-06,0
2011,Morehead St,2011Morehead St,0,2.2375938969196646e-06,0
2011,Oakland,2011Oakland,0,2.2375938969196646e-06,0
2011,Princeton,2011Princeton,0,2.2375938969196646e-06,0
2011,Bucknell,2011Bucknell,0,2.2375938969196646e-06,0
2011,Indiana St,2011Indiana St,0,2.2375938969196646e-06,0
2011,St Peters,2011St Peters,0,2.2375938969196646e-06,0
2011,Wofford,2011Wofford,0,2.2375938969196646e-06,0
2011,Akron,2011Akron,0,2.2375938969196646e-06,0
2011,Long Island Brooklyn,2011Long Island Brooklyn,0,2.2375938969196646e-06,0
2011,Northern Colorado,2011Northern Colorado,0,2.2375938969196646e-06,0
2011,Santa Barbara,2011Santa Barbara,0,2.2375938969196646e-06,0
2011,Boston University,2011Boston University,0,2.2375938969196646e-06,0
2011,Hampton,2011Hampton,0,2.2375938969196646e-06,0
2011,Texas San Antonio,2011Texas San Antonio,0,2.2375938969196646e-06,0
2011,UNC Asheville,2011UNC Asheville,0,2.2375938969196646e-06,0
2012,Kentucky,2012Kentucky,1,0.287825199534924,0
2012,Michigan St,2012Michigan St,0,0.287825199534924,0
2012,North Carolina,2012North Carolina,0,0.287825199534924,0
2012,Syracuse,2012Syracuse,0,0.287825199534924,0
2012,Duke,2012Duke,0,0.01998048620859688,0
2012,Kansas,2012Kansas,1,0.01998048620859688,0
2012,Missouri,2012Missouri,0,0.01998048620859688,0
2012,Ohio St,2012Ohio St,0,0.01998048620859688,0
2012,Baylor,2012Baylor,0,0.057044409974510754,0
2012,Florida St,2012Florida St,0,0.057044409974510754,0
2012,Georgetown,2012Georgetown,0,0.057044409974510754,0
2012,Marquette,2012Marquette,0,0.057044409974510754,0
2012,Indiana,2012Indiana,0,0.03856105758002364,0
2012,Louisville,2012Louisville,0,0.03856105758002364,0
2012,Michigan,2012Michigan,0,0.03856105758002364,0
2012,Wisconsin,2012Wisconsin,0,0.03856105758002364,0
2012,New Mexico,2012New Mexico,0,0.019260533751964036,0
2012,Temple,2012Temple,0,0.019260533751964036,0
2012,Vanderbilt,2012Vanderbilt,0,0.019260533751964036,0
2012,Wichita St,2012Wichita St,0,0.019260533751964036,0
2012,Cincinnati,2012Cincinnati,0,0.0004939308044992606,0
2012,Murray St,2012Murray St,0,0.0004939308044992606,0
2012,San Diego St,2012San Diego St,0,0.0004939308044992606,0
2012,UNLV,2012UNLV,0,0.0004939308044992606,0
2012,Florida,2012Florida,0,0.019598867401268344,0
2012,Gonzaga,2012Gonzaga,0,0.019598867401268344,0
2012,Notre Dame,2012Notre Dame,0,0.019598867401268344,0
2012,St Marys,2012St Marys,0,0.019598867401268344,0
2012,Creighton,2012Creighton,0,0.057227254924344856,0
2012,Iowa St,2012Iowa St,0,0.057227254924344856,0
2012,Kansas St,2012Kansas St,0,0.057227254924344856,0
2012,Memphis,2012Memphis,0,0.057227254924344856,0
2012,Alabama,2012Alabama,0,2.241112206239903e-06,0
2012,Connecticut,2012Connecticut,0,2.241112206239903e-06,0
2012,Southern Mississippi,2012Southern Mississippi,0,2.241112206239903e-06,0
2012,St Louis,2012St Louis,0,2.241112206239903e-06,0
2012,Purdue,2012Purdue,0,2.241112206239903e-06,0
2012,Virginia,2012Virginia,0,2.241112206239903e-06,0
2012,West Virginia,2012West Virginia,0,2.241112206239903e-06,0
2012,Xavier,2012Xavier,0,2.241112206239903e-06,0
2012,Colorado,2012Colorado,0,2.241112206239903e-06,0
2012,Colorado St,2012Colorado St,0,2.241112206239903e-06,0
2012,NC State,2012NC State,0,2.241112206239903e-06,0
2012,Texas,2012Texas,0,2.241112206239903e-06,0
2012,Harvard,2012Harvard,0,2.241112206239903e-06,0
2012,Long Beach St,2012Long Beach St,0,2.241112206239903e-06,0
2012,South Florida,2012South Florida,0,2.241112206239903e-06,0
2012,VCU,2012VCU,0,2.241112206239903e-06,0
2012,Davidson,2012Davidson,0,2.241112206239903e-06,0
2012,Montana,2012Montana,0,2.241112206239903e-06,0
2012,New Mexico St,2012New Mexico St,0,2.241112206239903e-06,0
2012,Ohio,2012Ohio,0,2.241112206239903e-06,0
2012,BYU,2012BYU,0,2.241112206239903e-06,0
2012,Belmont,2012Belmont,0,2.241112206239903e-06,0
2012,South Dakota St,2012South Dakota St,0,2.241112206239903e-06,0
2012,St Bonaventure,2012St Bonaventure,0,2.241112206239903e-06,0
2012,Detroit,2012Detroit,0,2.241112206239903e-06,0
2012,Lehigh,2012Lehigh,0,2.241112206239903e-06,0
2012,Loyola Maryland,2012Loyola Maryland,0,2.241112206239903e-06,0
2012,Norfolk St,2012Norfolk St,0,2.241112206239903e-06,0
2012,Long Island Brooklyn,2012Long Island Brooklyn,0,2.241112206239903e-06,0
2012,UNC Asheville,2012UNC Asheville,0,2.241112206239903e-06,0
2012,Vermont,2012Vermont,0,2.241112206239903e-06,0
2012,Western Kentucky,2012Western Kentucky,0,2.241112206239903e-06,0
2013,Gonzaga,2013Gonzaga,0,0.2881845299347924,0
2013,Indiana,2013Indiana,0,0.2881845299347924,0
2013,Kansas,2013Kansas,0,0.2881845299347924,0
2013,Louisville,2013Louisville,1,0.2881845299347924,0
2013,Duke,2013Duke,0,0.038763222185605475,0
2013,Georgetown,2013Georgetown,0,0.038763222185605475,0
2013,Miami,2013Miami,0,0.038763222185605475,0
2013,Ohio St,2013Ohio St,0,0.038763222185605475,0
2013,Florida,2013Florida,0,0.05741800522978491,0
2013,Marquette,2013Marquette,0,0.05741800522978491,0
2013,Michigan St,2013Michigan St,0,0.05741800522978491,0
2013,New Mexico,2013New Mexico,0,0.05741800522978491,0
2013,Kansas St,2013Kansas St,0,0.019249259264717242,0
2013,Michigan,2013Michigan,1,0.019249259264717242,0
2013,St Louis,2013St Louis,0,0.019249259264717242,0
2013,Syracuse,2013Syracuse,0,0.019249259264717242,0
2013,Oklahoma St,2013Oklahoma St,0,0.019249259264717242,0
2013,UNLV,2013UNLV,0,0.019249259264717242,0
2013,VCU,2013VCU,0,0.019249259264717242,0
2013,Wisconsin,2013Wisconsin,0,0.019249259264717242,0
2013,Arizona,2013Arizona,0,0.0003410835354414587,0
2013,Butler,2013Butler,0,0.0003410835354414587,0
2013,Memphis,2013Memphis,0,0.0003410835354414587,0
2013,UCLA,2013UCLA,0,0.0003410835354414587,0
2013,Creighton,2013Creighton,0,0.019287763964517098,0
2013,Illinois,2013Illinois,0,0.019287763964517098,0
2013,Notre Dame,2013Notre Dame,0,0.019287763964517098,0
2013,San Diego St,2013San Diego St,0,0.019287763964517098,0
2013,Colorado St,2013Colorado St,0,0.05749522692241541,0
2013,NC State,2013NC State,0,0.05749522692241541,0
2013,North Carolina,2013North Carolina,0,0.05749522692241541,0
2013,Pittsburgh,2013Pittsburgh,0,0.05749522692241541,0
2013,Missouri,2013Missouri,0,2.242244639525972e-06,0
2013,Temple,2013Temple,0,2.242244639525972e-06,0
2013,Villanova,2013Villanova,0,2.242244639525972e-06,0
2013,Wichita St,2013Wichita St,0,2.242244639525972e-06,0
2013,Cincinnati,2013Cincinnati,0,2.242244639525972e-06,0
2013,Colorado,2013Colorado,0,2.242244639525972e-06,0
2013,Iowa St,2013Iowa St,0,2.242244639525972e-06,0
2013,Oklahoma,2013Oklahoma,0,2.242244639525972e-06,0
2013,Belmont,2013Belmont,0,2.242244639525972e-06,0
2013,Bucknell,2013Bucknell,0,2.242244639525972e-06,0
2013,Minnesota,2013Minnesota,0,2.242244639525972e-06,0
2013,St Marys,2013St Marys,0,2.242244639525972e-06,0
2013,Akron,2013Akron,0,2.242244639525972e-06,0
2013,California,2013California,0,2.242244639525972e-06,0
2013,Ole Miss,2013Ole Miss,0,2.242244639525972e-06,0
2013,Oregon,2013Oregon,0,2.242244639525972e-06,0
2013,La Salle,2013La Salle,0,2.242244639525972e-06,0
2013,Montana,2013Montana,0,2.242244639525972e-06,0
2013,New Mexico St,2013New Mexico St,0,2.242244639525972e-06,0
2013,South Dakota St,2013South Dakota St,0,2.242244639525972e-06,0
2013,Davidson,2013Davidson,0,2.242244639525972e-06,0
2013,Harvard,2013Harvard,0,2.242244639525972e-06,0
2013,Northwestern St,2013Northwestern St,0,2.242244639525972e-06,0
2013,Valparaiso,2013Valparaiso,0,2.242244639525972e-06,0
2013,Albany,2013Albany,0,2.242244639525972e-06,0
2013,Florida Gulf Coast,2013Florida Gulf Coast,0,2.242244639525972e-06,0
2013,Iona,2013Iona,0,2.242244639525972e-06,0
2013,Pacific,2013Pacific,0,2.242244639525972e-06,0
2013,James Madison,2013James Madison,0,2.242244639525972e-06,0
2013,North Carolina A&T,2013North Carolina A&T,0,2.242244639525972e-06,0
2013,Southern,2013Southern,0,2.242244639525972e-06,0
2013,Western Kentucky,2013Western Kentucky,0,2.242244639525972e-06,0
2014,Arizona,2014Arizona,0,0.30732361404163655,0
2014,Florida,2014Florida,0,0.30732361404163655,0
2014,Virginia,2014Virginia,0,0.30732361404163655,0
2014,Wichita St,2014Wichita St,0,0.30732361404163655,0
2014,Kansas,2014Kansas,0,0.038891954528087,0
2014,Michigan,2014Michigan,0,0.038891954528087,0
2014,Villanova,2014Villanova,0,0.038891954528087,0
2014,Wisconsin,2014Wisconsin,0,0.038891954528087,0
2014,Creighton,2014Creighton,0,0.0573171850262544,0
2014,Duke,2014Duke,0,0.0573171850262544,0
2014,Iowa St,2014Iowa St,0,0.0573171850262544,0
2014,Syracuse,2014Syracuse,0,0.0573171850262544,0
2014,Louisville,2014Louisville,0,0.038518784993717865,0
2014,Michigan St,2014Michigan St,0,0.038518784993717865,0
2014,San Diego St,2014San Diego St,0,0.038518784993717865,0
2014,UCLA,2014UCLA,0,0.038518784993717865,0
2014,Cincinnati,2014Cincinnati,0,0.01927432863189555,0
2014,Oklahoma,2014Oklahoma,0,0.01927432863189555,0
2014,St Louis,2014St Louis,0,0.01927432863189555,0
2014,VCU,2014VCU,0,0.01927432863189555,0
2014,Baylor,2014Baylor,0,9.625681442337896e-05,0
2014,Massachusetts,2014Massachusetts,0,9.625681442337896e-05,0
2014,North Carolina,2014North Carolina,0,9.625681442337896e-05,0
2014,Ohio St,2014Ohio St,0,9.625681442337896e-05,0
2014,Connecticut,2014Connecticut,1,9.625681442337896e-05,0
2014,New Mexico,2014New Mexico,0,9.625681442337896e-05,0
2014,Oregon,2014Oregon,0,9.625681442337896e-05,0
2014,Texas,2014Texas,0,9.625681442337896e-05,0
2014,Colorado,2014Colorado,0,0.038470222713091355,0
2014,Gonzaga,2014Gonzaga,0,0.038470222713091355,0
2014,Kentucky,2014Kentucky,1,0.038470222713091355,0
2014,Memphis,2014Memphis,0,0.038470222713091355,0
2014,George Washington,2014George Washington,0,2.236535433996153e-06,0
2014,Kansas St,2014Kansas St,0,2.236535433996153e-06,0
2014,Oklahoma St,2014Oklahoma St,0,2.236535433996153e-06,0
2014,Pittsburgh,2014Pittsburgh,0,2.236535433996153e-06,0
2014,Arizona St,2014Arizona St,0,2.236535433996153e-06,0
2014,BYU,2014BYU,0,2.236535433996153e-06,0
2014,St Josephs,2014St Josephs,0,2.236535433996153e-06,0
2014,Stanford,2014Stanford,0,2.236535433996153e-06,0
2014,Dayton,2014Dayton,0,2.236535433996153e-06,0
2014,Nebraska,2014Nebraska,0,2.236535433996153e-06,0
2014,Providence,2014Providence,0,2.236535433996153e-06,0
2014,Tennessee,2014Tennessee,0,2.236535433996153e-06,0
2014,Harvard,2014Harvard,0,2.236535433996153e-06,0
2014,NC State,2014NC State,0,2.236535433996153e-06,0
2014,North Dakota St,2014North Dakota St,0,2.236535433996153e-06,0
2014,Stephen F Austin,2014Stephen F Austin,0,2.236535433996153e-06,0
2014,Delaware,2014Delaware,0,2.236535433996153e-06,0
2014,Manhattan,2014Manhattan,0,2.236535433996153e-06,0
2014,New Mexico St,2014New Mexico St,0,2.236535433996153e-06,0
2014,Tulsa,2014Tulsa,0,2.236535433996153e-06,0
2014,Louisiana Lafayette,2014Louisiana Lafayette,0,2.236535433996153e-06,0
2014,Mercer,2014Mercer,0,2.236535433996153e-06,0
2014,North Carolina Central,2014North Carolina Central,0,2.236535433996153e-06,0
2014,Western Michigan,2014Western Michigan,0,2.236535433996153e-06,0
2014,American,2014American,0,2.236535433996153e-06,0
2014,Eastern Kentucky,2014Eastern Kentucky,0,2.236535433996153e-06,0
2014,Wisconsin Milwaukee,2014Wisconsin Milwaukee,0,2.236535433996153e-06,0
2014,Wofford,2014Wofford,0,2.236535433996153e-06,0
2014,Albany,2014Albany,0,2.236535433996153e-06,0
2014,Cal Poly,2014Cal Poly,0,2.236535433996153e-06,0
2014,Coastal Carolina,2014Coastal Carolina,0,2.236535433996153e-06,0
2014,Weber St,2014Weber St,0,2.236535433996153e-06,0
2015,Duke,2015Duke,1,0.2688596323308292,0
2015,Kentucky,2015Kentucky,0,0.2688596323308292,0
2015,Villanova,2015Villanova,0,0.2688596323308292,0
2015,Wisconsin,2015Wisconsin,1,0.2688596323308292,0
2015,Arizona,2015Arizona,0,0.03887074677967147,0
2015,Gonzaga,2015Gonzaga,0,0.03887074677967147,0
2015,Kansas,2015Kansas,0,0.03887074677967147,0
2015,Virginia,2015Virginia,0,0.03887074677967147,0
2015,Baylor,2015Baylor,0,0.057298867153182956,0
2015,Iowa St,2015Iowa St,0,0.057298867153182956,0
2015,Notre Dame,2015Notre Dame,0,0.057298867153182956,0
2015,Oklahoma,2015Oklahoma,0,0.057298867153182956,0
2015,Georgetown,2015Georgetown,0,0.038519120349549386,0
2015,Louisville,2015Louisville,0,0.038519120349549386,0
2015,Maryland,2015Maryland,0,0.038519120349549386,0
2015,N Carolina,2015N Carolina,0,0.038519120349549386,0
2015,Arkansas,2015Arkansas,0,0.019240152413177926,0
2015,Northern Iowa,2015Northern Iowa,0,0.019240152413177926,0
2015,Utah,2015Utah,0,0.019240152413177926,0
2015,West Virginia,2015West Virginia,0,0.019240152413177926,0
2015,Butler,2015Butler,0,0.0004958419728655007,0
2015,Providence,2015Providence,0,0.0004958419728655007,0
2015,SMU,2015SMU,0,0.0004958419728655007,0
2015,Xavier,2015Xavier,0,0.0004958419728655007,0
2015,Iowa,2015Iowa,0,0.01927472267573339,0
2015,Michigan St,2015Michigan St,0,0.01927472267573339,0
2015,VCU,2015VCU,0,0.01927472267573339,0
2015,Wichita St,2015Wichita St,0,0.01927472267573339,0
2015,Cincinnati,2015Cincinnati,0,0.057428568650599046,0
2015,NC State,2015NC State,0,0.057428568650599046,0
2015,Oregon,2015Oregon,0,0.057428568650599046,0
2015,San Diego St,2015San Diego St,0,0.057428568650599046,0
2015,LSU,2015LSU,0,2.2545794258894437e-06,0
2015,Oklahoma St,2015Oklahoma St,0,2.2545794258894437e-06,0
2015,Purdue,2015Purdue,0,2.2545794258894437e-06,0
2015,St Johns,2015St Johns,0,2.2545794258894437e-06,0
2015,Davidson,2015Davidson,0,2.2545794258894437e-06,0
2015,Georgia,2015Georgia,0,2.2545794258894437e-06,0
2015,Indiana,2015Indiana,0,2.2545794258894437e-06,0
2015,Ohio St,2015Ohio St,0,2.2545794258894437e-06,0
2015,BYU,2015BYU,0,2.2545794258894437e-06,0
2015,Boise St,2015Boise St,0,2.2545794258894437e-06,0
2015,Dayton,2015Dayton,0,2.2545794258894437e-06,0
2015,Mississippi,2015Mississippi,0,2.2545794258894437e-06,0
2015,Texas,2015Texas,0,2.2545794258894437e-06,0
2015,UCLA,2015UCLA,0,2.2545794258894437e-06,0
2015,Buffalo,2015Buffalo,0,2.2545794258894437e-06,0
2015,SF Austin,2015SF Austin,0,2.2545794258894437e-06,0
2015,Wofford,2015Wofford,0,2.2545794258894437e-06,0
2015,Wyoming,2015Wyoming,0,2.2545794258894437e-06,0
2015,Eastern Washington,2015Eastern Washington,0,2.2545794258894437e-06,0
2015,Harvard,2015Harvard,0,2.2545794258894437e-06,0
2015,UC Irvine,2015UC Irvine,0,2.2545794258894437e-06,0
2015,Valparaiso,2015Valparaiso,0,2.2545794258894437e-06,0
2015,Albany,2015Albany,0,2.2545794258894437e-06,0
2015,Georgia St,2015Georgia St,0,2.2545794258894437e-06,0
2015,Northeastern,2015Northeastern,0,2.2545794258894437e-06,0
2015,UAB,2015UAB,0,2.2545794258894437e-06,0
2015,Belmont,2015Belmont,0,2.2545794258894437e-06,0
2015,N Dakota St,2015N Dakota St,0,2.2545794258894437e-06,0
2015,New Mexico St,2015New Mexico St,0,2.2545794258894437e-06,0
2015,Texas Southern,2015Texas Southern,0,2.2545794258894437e-06,0
2015,Coastal Carolina,2015Coastal Carolina,0,2.2545794258894437e-06,0
2015,Hampton,2015Hampton,0,2.2545794258894437e-06,0
2015,Lafayette,2015Lafayette,0,2.2545794258894437e-06,0
2015,Manhattan,2015Manhattan,0,2.2545794258894437e-06,0
2015,North Florida,2015North Florida,0,2.2545794258894437e-06,0
2015,Robert Morris,2015Robert Morris,0,2.2545794258894437e-06,0
2016,Kansas,2016Kansas,0,0.287825199534924,0
2016,North Carolina,2016North Carolina,1,0.287825199534924,0
2016,Oregon,2016Oregon,0,0.287825199534924,0
2016,Virginia,2016Virginia,0,0.287825199534924,0
2016,Michigan St,2016Michigan St,0,0.01998048620859688,0
2016,Oklahoma,2016Oklahoma,0,0.01998048620859688,0
2016,Villanova,2016Villanova,1,0.01998048620859688,0
2016,Xavier,2016Xavier,0,0.01998048620859688,0
2016,Miami,2016Miami,0,0.057044409974510754,0
2016,Texas A&M,2016Texas A&M,0,0.057044409974510754,0
2016,Utah,2016Utah,0,0.057044409974510754,0
2016,West Virginia,2016West Virginia,0,0.057044409974510754,0
2016,California,2016California,0,0.03856105758002364,0
2016,Duke,2016Duke,0,0.03856105758002364,0
2016,Iowa St,2016Iowa St,0,0.03856105758002364,0
2016,Kentucky,2016Kentucky,0,0.03856105758002364,0
2016,Baylor,2016Baylor,0,0.019260533751964036,0
2016,Indiana,2016Indiana,0,0.019260533751964036,0
2016,Maryland,2016Maryland,0,0.019260533751964036,0
2016,Purdue,2016Purdue,0,0.019260533751964036,0
2016,Arizona,2016Arizona,0,0.0004939308044992606,0
2016,Notre Dame,2016Notre Dame,0,0.0004939308044992606,0
2016,Seton Hall,2016Seton Hall,0,0.0004939308044992606,0
2016,Texas,2016Texas,0,0.0004939308044992606,0
2016,Dayton,2016Dayton,0,0.019598867401268344,0
2016,Iowa,2016Iowa,0,0.019598867401268344,0
2016,Oregon St,2016Oregon St,0,0.019598867401268344,0
2016,Wisconsin,2016Wisconsin,0,0.019598867401268344,0
2016,Colorado,2016Colorado,0,0.057227254924344856,0
2016,St Josephs,2016St Josephs,0,0.057227254924344856,0
2016,Texas Tech,2016Texas Tech,0,0.057227254924344856,0
2016,USC,2016USC,0,0.057227254924344856,0
2016,Butler,2016Butler,0,2.241112206239903e-06,0
2016,Cincinnati,2016Cincinnati,0,2.241112206239903e-06,0
2016,Connecticut,2016Connecticut,0,2.241112206239903e-06,0
2016,Providence,2016Providence,0,2.241112206239903e-06,0
2016,Pittsburgh,2016Pittsburgh,0,2.241112206239903e-06,0
2016,Syracuse,2016Syracuse,0,2.241112206239903e-06,0
2016,Temple,2016Temple,0,2.241112206239903e-06,0
2016,VCU,2016VCU,0,2.241112206239903e-06,0
2016,Gonzaga,2016Gonzaga,0,2.241112206239903e-06,0
2016,Michigan,2016Michigan,0,2.241112206239903e-06,0
2016,Northern Iowa,2016Northern Iowa,0,2.241112206239903e-06,0
2016,Wichita St,2016Wichita St,0,2.241112206239903e-06,0
2016,Arkansas Little Rock,2016Arkansas Little Rock,0,2.241112206239903e-06,0
2016,Chattanooga,2016Chattanooga,0,2.241112206239903e-06,0
2016,South Dakota St,2016South Dakota St,0,2.241112206239903e-06,0
2016,Yale,2016Yale,0,2.241112206239903e-06,0
2016,Hawaii,2016Hawaii,0,2.241112206239903e-06,0
2016,Iona,2016Iona,0,2.241112206239903e-06,0
2016,Stony Brook,2016Stony Brook,0,2.241112206239903e-06,0
2016,UNC Wilmington,2016UNC Wilmington,0,2.241112206239903e-06,0
2016,Buffalo,2016Buffalo,0,2.241112206239903e-06,0
2016,Fresno St,2016Fresno St,0,2.241112206239903e-06,0
2016,Stephen F Austin,2016Stephen F Austin,0,2.241112206239903e-06,0
2016,Wisconsin Green Bay,2016Wisconsin Green Bay,0,2.241112206239903e-06,0
2016,Cal St Bakersfield,2016Cal St Bakersfield,0,2.241112206239903e-06,0
2016,Middle Tennessee St,2016Middle Tennessee St,0,2.241112206239903e-06,0
2016,UNC Asheville,2016UNC Asheville,0,2.241112206239903e-06,0
2016,Weber St,2016Weber St,0,2.241112206239903e-06,0
2016,Austin Peay,2016Austin Peay,0,2.241112206239903e-06,0
2016,Florida Gulf Coast,2016Florida Gulf Coast,0,2.241112206239903e-06,0
2016,Hampton,2016Hampton,0,2.241112206239903e-06,0
2016,Holy Cross,2016Holy Cross,0,2.241112206239903e-06,0
2017,Gonzaga,2017Gonzaga,1,0.2687552524564409,0
2017,Kansas,2017Kansas,0,0.2687552524564409,0
2017,North Carolina,2017North Carolina,1,0.2687552524564409,0
2017,Villanova,2017Villanova,0,0.2687552524564409,0
2017,Arizona,2017Arizona,0,0.0390101543452107,0
2017,Duke,2017Duke,0,0.0390101543452107,0
2017,Kentucky,2017Kentucky,0,0.0390101543452107,0
2017,Louisville,2017Louisville,0,0.0390101543452107,0
2017,Baylor,2017Baylor,0,0.05723294916508261,0
2017,Florida St,2017Florida St,0,0.05723294916508261,0
2017,Oregon,2017Oregon,0,0.05723294916508261,0
2017,UCLA,2017UCLA,0,0.05723294916508261,0
2017,Butler,2017Butler,0,0.038532672920347844,0
2017,Florida,2017Florida,0,0.038532672920347844,0
2017,Purdue,2017Purdue,0,0.038532672920347844,0
2017,West Virginia,2017West Virginia,0,0.038532672920347844,0
2017,Iowa St,2017Iowa St,0,0.019243483534811687,0
2017,Minnesota,2017Minnesota,0,0.019243483534811687,0
2017,Notre Dame,2017Notre Dame,0,0.019243483534811687,0
2017,Virginia,2017Virginia,0,0.019243483534811687,0
2017,Cincinnati,2017Cincinnati,0,0.00037996557271935606,0
2017,Creighton,2017Creighton,0,0.00037996557271935606,0
2017,Maryland,2017Maryland,0,0.00037996557271935606,0
2017,SMU,2017SMU,0,0.00037996557271935606,0
2017,Dayton,2017Dayton,0,0.019481015198691075,0
2017,Michigan,2017Michigan,0,0.019481015198691075,0
2017,South Carolina,2017South Carolina,0,0.019481015198691075,0
2017,St Marys,2017St Marys,0,0.019481015198691075,0
2017,Arkansas,2017Arkansas,0,0.05735407150160363,0
2017,Miami,2017Miami,0,0.05735407150160363,0
2017,Northwestern,2017Northwestern,0,0.05735407150160363,0
2017,Wisconsin,2017Wisconsin,0,0.05735407150160363,0
2017,Michigan St,2017Michigan St,0,2.24010152170306e-06,0
2017,Seton Hall,2017Seton Hall,0,2.24010152170306e-06,0
2017,Vanderbilt,2017Vanderbilt,0,2.24010152170306e-06,0
2017,Virginia Tech,2017Virginia Tech,0,2.24010152170306e-06,0
2017,Marquette,2017Marquette,0,2.24010152170306e-06,0
2017,Oklahoma St,2017Oklahoma St,0,2.24010152170306e-06,0
2017,VCU,2017VCU,0,2.24010152170306e-06,0
2017,Wichita St,2017Wichita St,0,2.24010152170306e-06,0
2017,Kansas St,2017Kansas St,0,2.24010152170306e-06,0
2017,Rhode Island,2017Rhode Island,0,2.24010152170306e-06,0
2017,USC,2017USC,0,2.24010152170306e-06,0
2017,Xavier,2017Xavier,0,2.24010152170306e-06,0
2017,Middle Tennessee St,2017Middle Tennessee St,0,2.24010152170306e-06,0
2017,Nevada,2017Nevada,0,2.24010152170306e-06,0
2017,Princeton,2017Princeton,0,2.24010152170306e-06,0
2017,UNC Wilmington,2017UNC Wilmington,0,2.24010152170306e-06,0
2017,Bucknell,2017Bucknell,0,2.24010152170306e-06,0
2017,East Tennessee St,2017East Tennessee St,0,2.24010152170306e-06,0
2017,Vermont,2017Vermont,0,2.24010152170306e-06,0
2017,Winthrop,2017Winthrop,0,2.24010152170306e-06,0
2017,Florida Gulf Coast,2017Florida Gulf Coast,0,2.24010152170306e-06,0
2017,Iona,2017Iona,0,2.24010152170306e-06,0
2017,Kent St,2017Kent St,0,2.24010152170306e-06,0
2017,New Mexico St,2017New Mexico St,0,2.24010152170306e-06,0
2017,Jacksonville St,2017Jacksonville St,0,2.24010152170306e-06,0
2017,North Dakota,2017North Dakota,0,2.24010152170306e-06,0
2017,Northern Kentucky,2017Northern Kentucky,0,2.24010152170306e-06,0
2017,Troy,2017Troy,0,2.24010152170306e-06,0
2017,Mount St Marys,2017Mount St Marys,0,2.24010152170306e-06,0
2017,South Dakota St,2017South Dakota St,0,2.24010152170306e-06,0
2017,Texas Southern,2017Texas Southern,0,2.24010152170306e-06,0
2017,UC Davis,2017UC Davis,0,2.24010152170306e-06,0
2018,Kansas,2018Kansas,0,0.2884430753876291,0
2018,Villanova,2018Villanova,1,0.2884430753876291,0
2018,Virginia,2018Virginia,0,0.2884430753876291,0
2018,Xavier,2018Xavier,0,0.2884430753876291,0
2018,Cincinnati,2018Cincinnati,0,0.03846227488809369,0
2018,Duke,2018Duke,0,0.03846227488809369,0
2018,North Carolina,2018North Carolina,0,0.03846227488809369,0
2018,Purdue,2018Purdue,0,0.03846227488809369,0
2018,Michigan,2018Michigan,1,0.03846227488809369,0
2018,Michigan St,2018Michigan St,0,0.03846227488809369,0
2018,Tennessee,2018Tennessee,0,0.03846227488809369,0
2018,Texas Tech,2018Texas Tech,0,0.03846227488809369,0
2018,Arizona,2018Arizona,0,0.03846227488809369,0
2018,Auburn,2018Auburn,0,0.03846227488809369,0
2018,Gonzaga,2018Gonzaga,0,0.03846227488809369,0
2018,Wichita St,2018Wichita St,0,0.03846227488809369,0
2018,Clemson,2018Clemson,0,0.019229411362116044,0
2018,Kentucky,2018Kentucky,0,0.019229411362116044,0
2018,Ohio St,2018Ohio St,0,0.019229411362116044,0
2018,West Virginia,2018West Virginia,0,0.019229411362116044,0
2018,Florida,2018Florida,0,2.3977327140528907e-05,0
2018,Houston,2018Houston,0,2.3977327140528907e-05,0
2018,Miami,2018Miami,0,2.3977327140528907e-05,0
2018,TCU,2018TCU,0,2.3977327140528907e-05,0
2018,Arkansas,2018Arkansas,0,0.01922855407486952,0
2018,Nevada,2018Nevada,0,0.01922855407486952,0
2018,Rhode Island,2018Rhode Island,0,0.01922855407486952,0
2018,Texas A&M,2018Texas A&M,0,0.01922855407486952,0
2018,Creighton,2018Creighton,0,0.05767376327114776,0
2018,Missouri,2018Missouri,0,0.05767376327114776,0
2018,Seton Hall,2018Seton Hall,0,0.05767376327114776,0
2018,Virginia Tech,2018Virginia Tech,0,0.05767376327114776,0
2018,Alabama,2018Alabama,0,2.2375778494652405e-06,0
2018,Florida St,2018Florida St,0,2.2375778494652405e-06,0
2018,Kansas St,2018Kansas St,0,2.2375778494652405e-06,0
2018,NC State,2018NC State,0,2.2375778494652405e-06,0
2018,Butler,2018Butler,0,2.2375778494652405e-06,0
2018,Oklahoma,2018Oklahoma,0,2.2375778494652405e-06,0
2018,Providence,2018Providence,0,2.2375778494652405e-06,0
2018,Texas,2018Texas,0,2.2375778494652405e-06,0
2018,Loyola Chicago,2018Loyola Chicago,0,2.2375778494652405e-06,0
2018,San Diego St,2018San Diego St,0,2.2375778494652405e-06,0
2018,St Bonaventure,2018St Bonaventure,0,2.2375778494652405e-06,0
2018,Syracuse,2018Syracuse,0,2.2375778494652405e-06,0
2018,Davidson,2018Davidson,0,2.2375778494652405e-06,0
2018,Murray St,2018Murray St,0,2.2375778494652405e-06,0
2018,New Mexico St,2018New Mexico St,0,2.2375778494652405e-06,0
2018,South Dakota St,2018South Dakota St,0,2.2375778494652405e-06,0
2018,Buffalo,2018Buffalo,0,2.2375778494652405e-06,0
2018,College of Charleston,2018College of Charleston,0,2.2375778494652405e-06,0
2018,Marshall,2018Marshall,0,2.2375778494652405e-06,0
2018,UNC Greensboro,2018UNC Greensboro,0,2.2375778494652405e-06,0
2018,Bucknell,2018Bucknell,0,2.2375778494652405e-06,0
2018,Montana,2018Montana,0,2.2375778494652405e-06,0
2018,Stephen F Austin,2018Stephen F Austin,0,2.2375778494652405e-06,0
2018,Wright St,2018Wright St,0,2.2375778494652405e-06,0
2018,Cal St Fullerton,2018Cal St Fullerton,0,2.2375778494652405e-06,0
2018,Georgia St,2018Georgia St,0,2.2375778494652405e-06,0
2018,Iona,2018Iona,0,2.2375778494652405e-06,0
2018,Lipscomb,2018Lipscomb,0,2.2375778494652405e-06,0
2018,Pennsylvania,2018Pennsylvania,0,2.2375778494652405e-06,0
2018,Radford,2018Radford,0,2.2375778494652405e-06,0
2018,Texas Southern,2018Texas Southern,0,2.2375778494652405e-06,0
2018,UMBC,2018UMBC,0,2.2375778494652405e-06,0
2019,Duke,2019Duke,0,0.2884430753876291,0
2019,Gonzaga,2019Gonzaga,0,0.2884430753876291,0
2019,North Carolina,2019North Carolina,0,0.2884430753876291,0
2019,Virginia,2019Virginia,1,0.2884430753876291,0
2019,Kentucky,2019Kentucky,0,0.03846227488809369,0
2019,Michigan,2019Michigan,0,0.03846227488809369,0
2019,Michigan St,2019Michigan St,0,0.03846227488809369,0
2019,Tennessee,2019Tennessee,0,0.03846227488809369,0
2019,Houston,2019Houston,0,0.03846227488809369,0
2019,LSU,2019LSU,0,0.03846227488809369,0
2019,Purdue,2019Purdue,0,0.03846227488809369,0
2019,Texas Tech,2019Texas Tech,1,0.03846227488809369,0
2019,Florida St,2019Florida St,0,0.03846227488809369,0
2019,Kansas,2019Kansas,0,0.03846227488809369,0
2019,Kansas St,2019Kansas St,0,0.03846227488809369,0
2019,Virginia Tech,2019Virginia Tech,0,0.03846227488809369,0
2019,Auburn,2019Auburn,0,0.019229411362116044,0
2019,Marquette,2019Marquette,0,0.019229411362116044,0
2019,Mississippi St,2019Mississippi St,0,0.019229411362116044,0
2019,Wisconsin,2019Wisconsin,0,0.019229411362116044,0
2019,Buffalo,2019Buffalo,0,2.3977327140528907e-05,0
2019,Iowa St,2019Iowa St,0,2.3977327140528907e-05,0
2019,Maryland,2019Maryland,0,2.3977327140528907e-05,0
2019,Villanova,2019Villanova,0,2.3977327140528907e-05,0
2019,Cincinnati,2019Cincinnati,0,0.01922855407486952,0
2019,Louisville,2019Louisville,0,0.01922855407486952,0
2019,Nevada,2019Nevada,0,0.01922855407486952,0
2019,Wofford,2019Wofford,0,0.01922855407486952,0
2019,Ole Miss,2019Ole Miss,0,0.05767376327114776,0
2019,Syracuse,2019Syracuse,0,0.05767376327114776,0
2019,Utah St,2019Utah St,0,0.05767376327114776,0
2019,VCU,2019VCU,0,0.05767376327114776,0
2019,Baylor,2019Baylor,0,2.2375778494652405e-06,0
2019,Central Florida,2019Central Florida,0,2.2375778494652405e-06,0
2019,Oklahoma,2019Oklahoma,0,2.2375778494652405e-06,0
2019,Washington,2019Washington,0,2.2375778494652405e-06,0
2019,Florida,2019Florida,0,2.2375778494652405e-06,0
2019,Iowa,2019Iowa,0,2.2375778494652405e-06,0
2019,Minnesota,2019Minnesota,0,2.2375778494652405e-06,0
2019,Seton Hall,2019Seton Hall,0,2.2375778494652405e-06,0
2019,Arizona St,2019Arizona St,0,2.2375778494652405e-06,0
2019,Belmont,2019Belmont,0,2.2375778494652405e-06,0
2019,Ohio St,2019Ohio St,0,2.2375778494652405e-06,0
2019,St Marys,2019St Marys,0,2.2375778494652405e-06,0
2019,Liberty,2019Liberty,0,2.2375778494652405e-06,0
2019,Murray St,2019Murray St,0,2.2375778494652405e-06,0
2019,New Mexico St,2019New Mexico St,0,2.2375778494652405e-06,0
2019,Oregon,2019Oregon,0,2.2375778494652405e-06,0
2019,Northeastern,2019Northeastern,0,2.2375778494652405e-06,0
2019,St Louis,2019St Louis,0,2.2375778494652405e-06,0
2019,UC Irvine,2019UC Irvine,0,2.2375778494652405e-06,0
2019,Vermont,2019Vermont,0,2.2375778494652405e-06,0
2019,Georgia St,2019Georgia St,0,2.2375778494652405e-06,0
2019,Northern Kentucky,2019Northern Kentucky,0,2.2375778494652405e-06,0
2019,Old Dominion,2019Old Dominion,0,2.2375778494652405e-06,0
2019,Yale,2019Yale,0,2.2375778494652405e-06,0
2019,Abilene Christian,2019Abilene Christian,0,2.2375778494652405e-06,0
2019,Bradley,2019Bradley,0,2.2375778494652405e-06,0
2019,Colgate,2019Colgate,0,2.2375778494652405e-06,0
2019,Montana,2019Montana,0,2.2375778494652405e-06,0
2019,Fairleigh Dickinson,2019Fairleigh Dickinson,0,2.2375778494652405e-06,0
2019,Gardner Webb,2019Gardner Webb,0,2.2375778494652405e-06,0
2019,Iona,2019Iona,0,2.2375778494652405e-06,0
2019,North Dakota St,2019North Dakota St,0,2.2375778494652405e-06,0
2021,Baylor,2021Baylor,1,0.2687552524564409,0
2021,Gonzaga,2021Gonzaga,1,0.2687552524564409,0
2021,Illinois,2021Illinois,0,0.2687552524564409,0
2021,Michigan,2021Michigan,0,0.2687552524564409,0
2021,Alabama,2021Alabama,0,0.0390101543452107,0
2021,Houston,2021Houston,0,0.0390101543452107,0
2021,Iowa,2021Iowa,0,0.0390101543452107,0
2021,Ohio St,2021Ohio St,0,0.0390101543452107,0
2021,Arkansas,2021Arkansas,0,0.05723294916508261,0
2021,Kansas,2021Kansas,0,0.05723294916508261,0
2021,Texas,2021Texas,0,0.05723294916508261,0
2021,West Virginia,2021West Virginia,0,0.05723294916508261,0
2021,Florida St,2021Florida St,0,0.038532672920347844,0
2021,Oklahoma St,2021Oklahoma St,0,0.038532672920347844,0
2021,Purdue,2021Purdue,0,0.038532672920347844,0
2021,Virginia,2021Virginia,0,0.038532672920347844,0
2021,Colorado,2021Colorado,0,0.019243483534811687,0
2021,Creighton,2021Creighton,0,0.019243483534811687,0
2021,Tennessee,2021Tennessee,0,0.019243483534811687,0
2021,Villanova,2021Villanova,0,0.019243483534811687,0
2021,BYU,2021BYU,0,0.00037996557271935606,0
2021,San Diego St,2021San Diego St,0,0.00037996557271935606,0
2021,Texas Tech,2021Texas Tech,0,0.00037996557271935606,0
2021,USC,2021USC,0,0.00037996557271935606,0
2021,Clemson,2021Clemson,0,0.019481015198691075,0
2021,Connecticut,2021Connecticut,0,0.019481015198691075,0
2021,Florida,2021Florida,0,0.019481015198691075,0
2021,Oregon,2021Oregon,0,0.019481015198691075,0
2021,LSU,2021LSU,0,0.05735407150160363,0
2021,Loyola Chicago,2021Loyola Chicago,0,0.05735407150160363,0
2021,North Carolina,2021North Carolina,0,0.05735407150160363,0
2021,Oklahoma,2021Oklahoma,0,0.05735407150160363,0
2021,Georgia Tech,2021Georgia Tech,0,2.24010152170306e-06,0
2021,Missouri,2021Missouri,0,2.24010152170306e-06,0
2021,St Bonaventure,2021St Bonaventure,0,2.24010152170306e-06,0
2021,Wisconsin,2021Wisconsin,0,2.24010152170306e-06,0
2021,Maryland,2021Maryland,0,2.24010152170306e-06,0
2021,Rutgers,2021Rutgers,0,2.24010152170306e-06,0
2021,VCU,2021VCU,0,2.24010152170306e-06,0
2021,Virginia Tech,2021Virginia Tech,0,2.24010152170306e-06,0
2021,Drake,2021Drake,0,2.24010152170306e-06,0
2021,Syracuse,2021Syracuse,0,2.24010152170306e-06,0
2021,UCLA,2021UCLA,0,2.24010152170306e-06,0
2021,Utah St,2021Utah St,0,2.24010152170306e-06,0
2021,Georgetown,2021Georgetown,0,2.24010152170306e-06,0
2021,Oregon St,2021Oregon St,0,2.24010152170306e-06,0
2021,Santa Barbara,2021Santa Barbara,0,2.24010152170306e-06,0
2021,Winthrop,2021Winthrop,0,2.24010152170306e-06,0
2021,Liberty,2021Liberty,0,2.24010152170306e-06,0
2021,North Texas,2021North Texas,0,2.24010152170306e-06,0
2021,Ohio,2021Ohio,0,2.24010152170306e-06,0
2021,UNC Greensboro,2021UNC Greensboro,0,2.24010152170306e-06,0
2021,Abilene Christian,2021Abilene Christian,0,2.24010152170306e-06,0
2021,Colgate,2021Colgate,0,2.24010152170306e-06,0
2021,Eastern Washington,2021Eastern Washington,0,2.24010152170306e-06,0
2021,Morehead St,2021Morehead St,0,2.24010152170306e-06,0
2021,Cleveland St,2021Cleveland St,0,2.24010152170306e-06,0
2021,Grand Canyon,2021Grand Canyon,0,2.24010152170306e-06,0
2021,Iona,2021Iona,0,2.24010152170306e-06,0
2021,Oral Roberts,2021Oral Roberts,0,2.24010152170306e-06,0
2021,Drexel,2021Drexel,0,2.24010152170306e-06,0
2021,Hartford,2021Hartford,0,2.24010152170306e-06,0
2021,Norfolk St,2021Norfolk St,0,2.24010152170306e-06,0
2021,Texas Southern,2021Texas Southern,0,2.24010152170306e-06,0
2022,Arizona,2022Arizona,0,0.2880837521961302,0
2022,Baylor,2022Baylor,0,0.2880837521961302,0
2022,Gonzaga,2022Gonzaga,0,0.2880837521961302,0
2022,Kansas,2022Kansas,1,0.2880837521961302,0
2022,Auburn,2022Auburn,0,0.03887766337711423,0
2022,Duke,2022Duke,0,0.03887766337711423,0
2022,Kentucky,2022Kentucky,0,0.03887766337711423,0
2022,Villanova,2022Villanova,0,0.03887766337711423,0
2022,Purdue,2022Purdue,0,0.0573136592419954,0
2022,Tennessee,2022Tennessee,0,0.0573136592419954,0
2022,Texas Tech,2022Texas Tech,0,0.0573136592419954,0
2022,Wisconsin,2022Wisconsin,0,0.0573136592419954,0
2022,Arkansas,2022Arkansas,0,0.038516164389939565,0
2022,Illinois,2022Illinois,0,0.038516164389939565,0
2022,Providence,2022Providence,0,0.038516164389939565,0
2022,UCLA,2022UCLA,0,0.038516164389939565,0
2022,Connecticut,2022Connecticut,0,0.01924629354993327,0
2022,Houston,2022Houston,0,0.01924629354993327,0
2022,Iowa,2022Iowa,0,0.01924629354993327,0
2022,St Marys,2022St Marys,0,0.01924629354993327,0
2022,Alabama,2022Alabama,0,0.00028601304256630503,0
2022,Colorado St,2022Colorado St,0,0.00028601304256630503,0
2022,LSU,2022LSU,0,0.00028601304256630503,0
2022,Texas,2022Texas,0,0.00028601304256630503,0
2022,Michigan St,2022Michigan St,0,0.019424542663179594,0
2022,Murray St,2022Murray St,0,0.019424542663179594,0
2022,Ohio St,2022Ohio St,0,0.019424542663179594,0
2022,USC,2022USC,0,0.019424542663179594,0
2022,Boise St,2022Boise St,0,0.038241612327679704,0
2022,North Carolina,2022North Carolina,1,0.038241612327679704,0
2022,San Diego St,2022San Diego St,0,0.038241612327679704,0
2022,Seton Hall,2022Seton Hall,0,0.038241612327679704,0
2022,Creighton,2022Creighton,0,2.255927858509258e-06,0
2022,Marquette,2022Marquette,0,2.255927858509258e-06,0
2022,Memphis,2022Memphis,0,2.255927858509258e-06,0
2022,TCU,2022TCU,0,2.255927858509258e-06,0
2022,Davidson,2022Davidson,0,2.255927858509258e-06,0
2022,Loyola Chicago,2022Loyola Chicago,0,2.255927858509258e-06,0
2022,Miami,2022Miami,0,2.255927858509258e-06,0
2022,San Francisco,2022San Francisco,0,2.255927858509258e-06,0
2022,Iowa St,2022Iowa St,0,2.255927858509258e-06,0
2022,Michigan,2022Michigan,0,2.255927858509258e-06,0
2022,Notre Dame,2022Notre Dame,0,2.255927858509258e-06,0
2022,Rutgers,2022Rutgers,0,2.255927858509258e-06,0
2022,Virginia Tech,2022Virginia Tech,0,2.255927858509258e-06,0
2022,Indiana,2022Indiana,0,2.255927858509258e-06,0
2022,New Mexico St,2022New Mexico St,0,2.255927858509258e-06,0
2022,Richmond,2022Richmond,0,2.255927858509258e-06,0
2022,UAB,2022UAB,0,2.255927858509258e-06,0
2022,Wyoming,2022Wyoming,0,2.255927858509258e-06,0
2022,Akron,2022Akron,0,2.255927858509258e-06,0
2022,Chattanooga,2022Chattanooga,0,2.255927858509258e-06,0
2022,South Dakota St,2022South Dakota St,0,2.255927858509258e-06,0
2022,Vermont,2022Vermont,0,2.255927858509258e-06,0
2022,Colgate,2022Colgate,0,2.255927858509258e-06,0
2022,Longwood,2022Longwood,0,2.255927858509258e-06,0
2022,Montana St,2022Montana St,0,2.255927858509258e-06,0
2022,Yale,2022Yale,0,2.255927858509258e-06,0
2022,Cal St Fullerton,2022Cal St Fullerton,0,2.255927858509258e-06,0
2022,Delaware,2022Delaware,0,2.255927858509258e-06,0
2022,Jacksonville St,2022Jacksonville St,0,2.255927858509258e-06,0
2022,St Peters,2022St Peters,0,2.255927858509258e-06,0
2022,Bryant,2022Bryant,0,2.255927858509258e-06,0
2022,Georgia St,2022Georgia St,0,2.255927858509258e-06,0
2022,Norfolk St,2022Norfolk St,0,2.255927858509258e-06,0
2022,Texas A&M Corpus Chris,2022Texas A&M Corpus Chris,0,2.255927858509258e-06,0
2022,Texas Southern,2022Texas Southern,0,2.255927858509258e-06,0
2022,Wright St,2022Wright St,0,2.255927858509258e-06,0
2023,Alabama,2023Alabama,0,0.3074242751992508,0
2023,Houston,2023Houston,0,0.3074242751992508,0
2023,Kansas,2023Kansas,0,0.3074242751992508,0
2023,Purdue,2023Purdue,0,0.3074242751992508,0
2023,Arizona,2023Arizona,0,0.0387887387480752,0
2023,Marquette,2023Marquette,0,0.0387887387480752,0
2023,Texas,2023Texas,0,0.0387887387480752,0
2023,UCLA,2023UCLA,0,0.0387887387480752,0
2023,Baylor,2023Baylor,0,0.05740775230245756,0
2023,Gonzaga,2023Gonzaga,0,0.05740775230245756,0
2023,Kansas St.,2023Kansas St.,0,0.05740775230245756,0
2023,Xavier,2023Xavier,0,0.05740775230245756,0
2023,Connecticut,2023Connecticut,1,0.01923946473297549,0
2023,Indiana,2023Indiana,0,0.01923946473297549,0
2023,Tennessee,2023Tennessee,0,0.01923946473297549,0
2023,Virginia,2023Virginia,0,0.01923946473297549,0
2023,Duke,2023Duke,0,0.00015902447169929493,0
2023,Miami FL,2023Miami FL,0,0.00015902447169929493,0
2023,Saint Mary's,2023Saint Mary's,0,0.00015902447169929493,0
2023,San Diego St.,2023San Diego St.,1,0.00015902447169929493,0
2023,Creighton,2023Creighton,0,0.00015902447169929493,0
2023,Iowa St.,2023Iowa St.,0,0.00015902447169929493,0
2023,Kentucky,2023Kentucky,0,0.00015902447169929493,0
2023,TCU,2023TCU,0,0.00015902447169929493,0
2023,Michigan St.,2023Michigan St.,0,0.019309326445357,0
2023,Missouri,2023Missouri,0,0.019309326445357,0
2023,Northwestern,2023Northwestern,0,0.019309326445357,0
2023,Texas A&M,2023Texas A&M,0,0.019309326445357,0
2023,Arkansas,2023Arkansas,0,0.057502407319612016,0
2023,Iowa,2023Iowa,0,0.057502407319612016,0
2023,Maryland,2023Maryland,0,0.057502407319612016,0
2023,Memphis,2023Memphis,0,0.057502407319612016,0
2023,Auburn,2023Auburn,0,2.2526273162203326e-06,0
2023,Florida Atlantic,2023Florida Atlantic,0,2.2526273162203326e-06,0
2023,Illinois,2023Illinois,0,2.2526273162203326e-06,0
2023,West Virginia,2023West Virginia,0,2.2526273162203326e-06,0
2023,Boise St.,2023Boise St.,0,2.2526273162203326e-06,0
2023,Penn St.,2023Penn St.,0,2.2526273162203326e-06,0
2023,USC,2023USC,0,2.2526273162203326e-06,0
2023,Utah St.,2023Utah St.,0,2.2526273162203326e-06,0
2023,Arizona St.,2023Arizona St.,0,2.2526273162203326e-06,0
2023,Mississippi St.,2023Mississippi St.,0,2.2526273162203326e-06,0
2023,N.C. State,2023N.C. State,0,2.2526273162203326e-06,0
2023,Nevada,2023Nevada,0,2.2526273162203326e-06,0
2023,Pittsburgh,2023Pittsburgh,0,2.2526273162203326e-06,0
2023,Providence,2023Providence,0,2.2526273162203326e-06,0
2023,Charleston,2023Charleston,0,2.2526273162203326e-06,0
2023,Drake,2023Drake,0,2.2526273162203326e-06,0
2023,Oral Roberts,2023Oral Roberts,0,2.2526273162203326e-06,0
2023,VCU,2023VCU,0,2.2526273162203326e-06,0
2023,Furman,2023Furman,0,2.2526273162203326e-06,0
2023,Iona,2023Iona,0,2.2526273162203326e-06,0
2023,Kent St.,2023Kent St.,0,2.2526273162203326e-06,0
2023,Louisiana,2023Louisiana,0,2.2526273162203326e-06,0
2023,Grand Canyon,2023Grand Canyon,0,2.2526273162203326e-06,0
2023,Kennesaw St.,2023Kennesaw St.,0,2.2526273162203326e-06,0
2023,Montana St.,2023Montana St.,0,2.2526273162203326e-06,0
2023,UC Santa Barbara,2023UC Santa Barbara,0,2.2526273162203326e-06,0
2023,Colgate,2023Colgate,0,2.2526273162203326e-06,0
2023,Princeton,2023Princeton,0,2.2526273162203326e-06,0
2023,Vermont,2023Vermont,0,2.2526273162203326e-06,0
2023,Fairleigh Dickinson,2023Fairleigh Dickinson,0,2.2526273162203326e-06,0
2023,Howard,2023Howard,0,2.2526273162203326e-06,0
2023,Northern Kentucky,2023Northern Kentucky,0,2.2526273162203326e-06,0
2023,Southeast Missouri St. ,2023Southeast Missouri St. ,0,2.2526273162203326e-06,0
2023,Texas A&M Corpus Chris ,2023Texas A&M Corpus Chris ,0,2.2526273162203326e-06,0
2023,Texas Southern,2023Texas Southern,0,2.2526273162203326e-06,0
2023,UNC Asheville,2023UNC Asheville,0,2.2526273162203326e-06,0
2024,Connecticut,2024Connecticut,1,0.2688596323308292,0
2024,Houston,2024Houston,0,0.2688596323308292,0
2024,N Carolina,2024N Carolina,0,0.2688596323308292,0
2024,Purdue,2024Purdue,1,0.2688596323308292,0
2024,Arizona,2024Arizona,0,0.03887074677967147,0
2024,Iowa St,2024Iowa St,0,0.03887074677967147,0
2024,Marquette,2024Marquette,0,0.03887074677967147,0
2024,Tennessee,2024Tennessee,0,0.03887074677967147,0
2024,Baylor,2024Baylor,0,0.057298867153182956,0
2024,Creighton,2024Creighton,0,0.057298867153182956,0
2024,Illinois,2024Illinois,0,0.057298867153182956,0
2024,Kentucky,2024Kentucky,0,0.057298867153182956,0
2024,Alabama,2024Alabama,0,0.038519120349549386,0
2024,Auburn,2024Auburn,0,0.038519120349549386,0
2024,Duke,2024Duke,0,0.038519120349549386,0
2024,Kansas,2024Kansas,0,0.038519120349549386,0
2024,Gonzaga,2024Gonzaga,0,0.019240152413177926,0
2024,San Diego St,2024San Diego St,0,0.019240152413177926,0
2024,St Marys,2024St Marys,0,0.019240152413177926,0
2024,Wisconsin,2024Wisconsin,0,0.019240152413177926,0
2024,BYU,2024BYU,0,0.0004958419728655007,0
2024,Clemson,2024Clemson,0,0.0004958419728655007,0
2024,S Carolina,2024S Carolina,0,0.0004958419728655007,0
2024,Texas Tech,2024Texas Tech,0,0.0004958419728655007,0
2024,Dayton,2024Dayton,0,0.01927472267573339,0
2024,Florida,2024Florida,0,0.01927472267573339,0
2024,Texas,2024Texas,0,0.01927472267573339,0
2024,Washington St,2024Washington St,0,0.01927472267573339,0
2024,Fla Atlantic,2024Fla Atlantic,0,0.057428568650599046,0
2024,Mississippi St,2024Mississippi St,0,0.057428568650599046,0
2024,Nebraska,2024Nebraska,0,0.057428568650599046,0
2024,Utah St,2024Utah St,0,0.057428568650599046,0
2024,Michigan St,2024Michigan St,0,2.2545794258894437e-06,0
2024,Northwestern,2024Northwestern,0,2.2545794258894437e-06,0
2024,TCU,2024TCU,0,2.2545794258894437e-06,0
2024,Texas A&M,2024Texas A&M,0,2.2545794258894437e-06,0
2024,Boise St,2024Boise St,0,2.2545794258894437e-06,0
2024,Colorado,2024Colorado,0,2.2545794258894437e-06,0
2024,Colorado St,2024Colorado St,0,2.2545794258894437e-06,0
2024,Drake,2024Drake,0,2.2545794258894437e-06,0
2024,Nevada,2024Nevada,0,2.2545794258894437e-06,0
2024,Virginia,2024Virginia,0,2.2545794258894437e-06,0
2024,Duquesne,2024Duquesne,0,2.2545794258894437e-06,0
2024,NC State,2024NC State,0,2.2545794258894437e-06,0
2024,New Mexico,2024New Mexico,0,2.2545794258894437e-06,0
2024,Oregon,2024Oregon,0,2.2545794258894437e-06,0
2024,Grd Canyon,2024Grd Canyon,0,2.2545794258894437e-06,0
2024,James Madison,2024James Madison,0,2.2545794258894437e-06,0
2024,McNeese,2024McNeese,0,2.2545794258894437e-06,0
2024,UAB,2024UAB,0,2.2545794258894437e-06,0
2024,Charleston,2024Charleston,0,2.2545794258894437e-06,0
2024,Samford,2024Samford,0,2.2545794258894437e-06,0
2024,Vermont,2024Vermont,0,2.2545794258894437e-06,0
2024,Yale,2024Yale,0,2.2545794258894437e-06,0
2024,Akron,2024Akron,0,2.2545794258894437e-06,0
2024,Colgate,2024Colgate,0,2.2545794258894437e-06,0
2024,Morehead St,2024Morehead St,0,2.2545794258894437e-06,0
2024,Oakland,2024Oakland,0,2.2545794258894437e-06,0
2024,Long Beach St,2024Long Beach St,0,2.2545794258894437e-06,0
2024,S Dakota St,2024S Dakota St,0,2.2545794258894437e-06,0
2024,St Peters,2024St Peters,0,2.2545794258894437e-06,0
2024,Western KY,2024Western KY,0,2.2545794258894437e-06,0
2024,Grambling,2024Grambling,0,2.2545794258894437e-06,0
2024,Howard,2024Howard,0,2.2545794258894437e-06,0
2024,Longwood,2024Longwood,0,2.2545794258894437e-06,0
2024,Montana St,2024Montana St,0,2.2545794258894437e-06,0
2024,Stetson,2024Stetson,0,2.2545794258894437e-06,0
2024,Wagner,2024Wagner,0,2.2545794258894437e-06,0
2025,Auburn,2025Auburn,0,0.2688596323308292,0
2025,Duke,2025Duke,0,0.2688596323308292,0
2025,Florida,2025Florida,1,0.2688596323308292,0
2025,Houston,2025Houston,1,0.2688596323308292,0
2025,Alabama,2025Alabama,0,0.03887074677967147,0
2025,Michigan St,2025Michigan St,0,0.03887074677967147,0
2025,St Johns,2025St Johns,0,0.03887074677967147,0
2025,Tennessee,2025Tennessee,0,0.03887074677967147,0
2025,Iowa St,2025Iowa St,0,0.057298867153182956,0
2025,Kentucky,2025Kentucky,0,0.057298867153182956,0
2025,Texas Tech,2025Texas Tech,0,0.057298867153182956,0
2025,Wisconsin,2025Wisconsin,0,0.057298867153182956,0
2025,Arizona,2025Arizona,0,0.038519120349549386,0
2025,Maryland,2025Maryland,0,0.038519120349549386,0
2025,Purdue,2025Purdue,0,0.038519120349549386,0
2025,Texas A&M,2025Texas A&M,0,0.038519120349549386,0
2025,Clemson,2025Clemson,0,0.019240152413177926,0
2025,Memphis,2025Memphis,0,0.019240152413177926,0
2025,Michigan,2025Michigan,0,0.019240152413177926,0
2025,Oregon,2025Oregon,0,0.019240152413177926,0
2025,BYU,2025BYU,0,0.0004958419728655007,0
2025,Illinois,2025Illinois,0,0.0004958419728655007,0
2025,Mississippi,2025Mississippi,0,0.0004958419728655007,0
2025,Missouri,2025Missouri,0,0.0004958419728655007,0
2025,Kansas,2025Kansas,0,0.01927472267573339,0
2025,Marquette,2025Marquette,0,0.01927472267573339,0
2025,St Marys,2025St Marys,0,0.01927472267573339,0
2025,UCLA,2025UCLA,0,0.01927472267573339,0
2025,Connecticut,2025Connecticut,0,0.057428568650599046,0
2025,Gonzaga,2025Gonzaga,0,0.057428568650599046,0
2025,Louisville,2025Louisville,0,0.057428568650599046,0
2025,Mississippi St,2025Mississippi St,0,0.057428568650599046,0
2025,Baylor,2025Baylor,0,2.2545794258894437e-06,0
2025,Creighton,2025Creighton,0,2.2545794258894437e-06,0
2025,Georgia,2025Georgia,0,2.2545794258894437e-06,0
2025,Oklahoma,2025Oklahoma,0,2.2545794258894437e-06,0
2025,Arkansas,2025Arkansas,0,2.2545794258894437e-06,0
2025,New Mexico,2025New Mexico,0,2.2545794258894437e-06,0
2025,Utah St,2025Utah St,0,2.2545794258894437e-06,0
2025,Vanderbilt,2025Vanderbilt,0,2.2545794258894437e-06,0
2025,Drake,2025Drake,0,2.2545794258894437e-06,0
2025,N Carolina,2025N Carolina,0,2.2545794258894437e-06,0
2025,San Diego St,2025San Diego St,0,2.2545794258894437e-06,0
2025,Texas,2025Texas,0,2.2545794258894437e-06,0
2025,VCU,2025VCU,0,2.2545794258894437e-06,0
2025,Xavier,2025Xavier,0,2.2545794258894437e-06,0
2025,Colorado St,2025Colorado St,0,2.2545794258894437e-06,0
2025,Liberty,2025Liberty,0,2.2545794258894437e-06,0
2025,McNeese,2025McNeese,0,2.2545794258894437e-06,0
2025,UC San Diego,2025UC San Diego,0,2.2545794258894437e-06,0
2025,Akron,2025Akron,0,2.2545794258894437e-06,0
2025,Grd Canyon,2025Grd Canyon,0,2.2545794258894437e-06,0
2025,High Point,2025High Point,0,2.2545794258894437e-06,0
2025,Yale,2025Yale,0,2.2545794258894437e-06,0
2025,Lipscomb,2025Lipscomb,0,2.2545794258894437e-06,0
2025,Montana,2025Montana,0,2.2545794258894437e-06,0
2025,Troy,2025Troy,0,2.2545794258894437e-06,0
2025,UNC Wilmington,2025UNC Wilmington,0,2.2545794258894437e-06,0
2025,Bryant,2025Bryant,0,2.2545794258894437e-06,0
2025,Omaha,2025Omaha,0,2.2545794258894437e-06,0
2025,Robert Morris,2025Robert Morris,0,2.2545794258894437e-06,0
2025,Wofford,2025Wofford,0,2.2545794258894437e-06,0
2025,Alabama St,2025Alabama St,0,2.2545794258894437e-06,0
2025,American,2025American,0,2.2545794258894437e-06,0
2025,Mount St Marys,2025Mount St Marys,0,2.2545794258894437e-06,0
2025,Norfolk St,2025Norfolk St,0,2.2545794258894437e-06,0
2025,SIUE,2025SIUE,0,2.2545794258894437e-06,0
2025,St Francis PA,2025St Francis PA,0,2.2545794258894437e-06,0
